run_id,ga,gsom,l1,l2,l2_mul,ip1,ip1_mul,test accuracy
545,0.19393939393939397,0.301010101010101,4.208627558252696,0.00015657090620617585,3.720236681413066e-05,0.0003131418124123517,2.0,0.97
566,0.1984848484848485,0.2828282828282829,1.7713006233187534,0.000152660862209495,8.618574407966152e-05,0.00030532172441899,2.0,0.968333
240,0.14545454545454548,0.3919191919191919,1.9765647884849762,0.00020110300580375822,0.0001017436954130415,0.00040220601160751644,2.0,0.966667
366,0.15909090909090912,0.28080808080808084,1.8348404741782458,0.00030082437719878836,0.00016395124340905766,0.0006016487543975767,2.0,0.966667
205,0.1575757575757576,0.37373737373737376,3.224741366714952,0.00017367052612782984,5.3855644958202715e-05,0.0003473410522556597,2.0,0.966667
487,0.18181818181818182,0.38383838383838387,1.778250527230341,0.00019187835174103713,0.00010790287915161836,0.00038375670348207426,2.0,0.965
350,0.16666666666666669,0.37373737373737376,2.7464227699029085,8.928518505074798e-05,3.25096288995246e-05,0.00017857037010149597,2.0,0.965
323,0.19242424242424244,0.26262626262626265,1.6572227019724772,0.0003545775250477988,0.00021395888713434216,0.0007091550500955976,2.0,0.965
353,0.15000000000000002,0.29898989898989903,2.9240050736342695,0.00014899967772480943,5.0957393702336e-05,0.00029799935544961887,2.0,0.965
485,0.15151515151515155,0.20404040404040405,2.214269632285301,0.00046403616106916693,0.0002095662399480433,0.0009280723221383339,2.0,0.965
25,0.15454545454545457,0.35151515151515156,2.7249971331411493,0.00027249971331411496,0.0001,0.0005449994266282299,2.0,0.965
218,0.18181818181818182,0.3878787878787879,2.63063148453626,0.00014514489160334068,5.517492376129129e-05,0.00029028978320668137,2.0,0.965
313,0.14090909090909093,0.2181818181818182,1.43931791052625,0.0010691228226230925,0.0007427982482564919,0.002138245645246185,2.0,0.963333
71,0.16212121212121214,0.3717171717171717,3.1622160262239194,0.0001239038007174755,3.9182585784764396e-05,0.000247807601434951,2.0,0.963333
399,0.16969696969696973,0.25656565656565655,2.480561240908774,0.0005381288672372595,0.0002169383518385184,0.001076257734474519,2.0,0.963333
276,0.1681818181818182,0.3878787878787879,1.502671699109242,0.00025947847948292976,0.0001726780903884356,0.0005189569589658595,2.0,0.963333
182,0.18181818181818182,0.2545454545454546,2.4229582421132294,0.0004183918023390332,0.0001726780903884356,0.0008367836046780664,2.0,0.963333
514,0.13484848484848488,0.21010101010101012,4.208627558252696,0.0003019926342935897,7.175560918936922e-05,0.0006039852685871794,2.0,0.963333
230,0.2,0.2787878787878788,2.442009059654673,0.0002625903743625776,0.00010753046690158914,0.0005251807487251552,2.0,0.963333
405,0.1772727272727273,0.3898989898989899,2.007768965916211,0.000349103318625617,0.00017387624002162505,0.000698206637251234,2.0,0.961667
145,0.1954545454545455,0.2545454545454546,3.1009030056553066,0.00048773607462437824,0.00015728840074483597,0.0009754721492487565,2.0,0.961667
441,0.18333333333333335,0.3171717171717172,1.0078495314845166,0.00038813363879905654,0.00038511070023255687,0.0007762672775981131,2.0,0.961667
77,0.1393939393939394,0.39595959595959596,3.137546666254084,0.00013590230747440127,4.331483223376403e-05,0.00027180461494880255,2.0,0.961667
122,0.18484848484848487,0.4,1.683385401792227,0.0002731453219284119,0.00016225952870780867,0.0005462906438568238,2.0,0.961667
355,0.1803030303030303,0.2727272727272727,2.2936996061394863,0.001674556877996618,0.0007300680845540431,0.003349113755993236,2.0,0.961667
176,0.18787878787878792,0.29898989898989903,3.174623348414526,0.00033784635138064473,0.00010642092440647244,0.0006756927027612895,2.0,0.961667
135,0.14393939393939395,0.2727272727272727,1.5504917955639048,0.000370550881622041,0.00023898925662310503,0.000741101763244082,2.0,0.96
226,0.1772727272727273,0.2888888888888889,3.3143592712257335,0.0003018971706788279,9.108764197647733e-05,0.0006037943413576558,2.0,0.96
8,0.1484848484848485,0.38181818181818183,1.8276694008152075,0.0002729429084495307,0.00014933932161242518,0.0005458858168990614,2.0,0.96
292,0.1893939393939394,0.21616161616161617,2.63063148453626,0.0006396551480644458,0.0002431565013285041,0.0012793102961288917,2.0,0.96
85,0.18484848484848487,0.3676767676767677,2.6101091690139073,0.00044915310676882017,0.000172082115223751,0.0008983062135376403,2.0,0.958333
155,0.19242424242424244,0.22222222222222224,1.081453300511785,0.0005472830208539044,0.0005060625554472941,0.0010945660417078088,2.0,0.958333
341,0.1393939393939394,0.4,2.2316796090727813,0.00040030000823321047,0.00017937162960391398,0.0008006000164664209,2.0,0.958333
498,0.16515151515151516,0.2505050505050505,3.6839836297402315,0.00042892736817357746,0.00011643031329208767,0.0008578547363471549,2.0,0.956667
505,0.1803030303030303,0.2484848484848485,2.2936996061394863,0.0006538701247682467,0.0002850722575083718,0.0013077402495364934,2.0,0.956667
356,0.1954545454545455,0.301010101010101,0.8583574889060949,0.0008524427031346153,0.00099310918137498,0.0017048854062692307,2.0,0.956667
459,0.16060606060606064,0.2787878787878788,1.4620405309643285,0.00034461310175595546,0.00023570694139967278,0.0006892262035119109,2.0,0.956667
184,0.13333333333333336,0.35757575757575755,1.5204289110030436,0.0002832933560980539,0.00018632463119315598,0.0005665867121961078,2.0,0.956667
327,0.19242424242424244,0.3797979797979798,4.807987142259103,0.0006960235884743689,0.0001447640286632156,0.0013920471769487378,2.0,0.956667
227,0.19242424242424244,0.32525252525252524,3.9375773044191185,0.0010224533626412699,0.00025966559729348725,0.0020449067252825397,2.0,0.956667
81,0.13333333333333336,0.27070707070707073,5.000000000000001,0.0001905684867670137,3.811369735340273e-05,0.0003811369735340274,2.0,0.955
554,0.1803030303030303,0.20202020202020204,4.159474657519781,0.0002933504987669412,7.052585312344727e-05,0.0005867009975338824,2.0,0.955
103,0.1893939393939394,0.2868686868686869,1.2306368139797754,0.00010679928399999714,8.678375519631766e-05,0.00021359856799999427,2.0,0.955
273,0.17272727272727273,0.2363636363636364,2.2669113034229333,0.00046210837264515386,0.00020384933982524643,0.0009242167452903077,2.0,0.955
27,0.18484848484848487,0.21010101010101012,4.428424179818088,0.0014597121786208958,0.00032962338731536286,0.0029194243572417916,2.0,0.955
480,0.15303030303030304,0.27474747474747474,3.237394014347627,0.001817376084252707,0.0005613700637606601,0.003634752168505414,2.0,0.955
68,0.1681818181818182,0.3353535353535354,3.968537007099093,0.00027891847457839634,7.028244264308353e-05,0.0005578369491567927,2.0,0.955
278,0.16212121212121214,0.3939393939393939,3.406467722386799,0.00020421237487907201,5.994842503189409e-05,0.00040842474975814403,2.0,0.955
373,0.18181818181818182,0.22222222222222224,1.2648371047755116,0.0006764922500281768,0.0005348453547686233,0.0013529845000563535,2.0,0.955
467,0.15606060606060607,0.3878787878787879,1.3625339748340939,0.00044295473884850583,0.000325096288995246,0.0008859094776970117,2.0,0.955
181,0.19393939393939397,0.2686868686868687,1.8565229555283773,0.001097670759503355,0.0005912508413831875,0.00219534151900671,2.0,0.955
329,0.15454545454545457,0.2606060606060606,2.6513151593762223,0.0006536620127341745,0.0002465425547100791,0.001307324025468349,2.0,0.955
78,0.12121212121212123,0.31313131313131315,3.4198333945018775,0.00022741953734507943,6.650018030431119e-05,0.00045483907469015886,2.0,0.955
148,0.17575757575757578,0.35151515151515156,1.1649854819884478,0.0005259871906067786,0.0004514967772036102,0.0010519743812135573,2.0,0.955
87,0.16060606060606064,0.35353535353535354,2.8898553825205817,0.00020522367538025542,7.10152060278033e-05,0.00041044735076051084,2.0,0.955
359,0.10454545454545455,0.24646464646464647,1.7922322483134474,0.0006690619925055539,0.00037331210457526603,0.0013381239850111077,2.0,0.955
282,0.19696969696969702,0.4,1.411410605041416,0.00028376359633078296,0.00020104964162604992,0.0005675271926615659,2.0,0.953333
548,0.13636363636363638,0.2686868686868687,0.9691455177418831,0.0006225823426824867,0.0006424033659394191,0.0012451646853649733,2.0,0.953333
63,0.16060606060606064,0.28080808080808084,1.6637250078979562,0.000128371593450238,7.715914158940838e-05,0.000256743186900476,2.0,0.953333
423,0.19696969696969702,0.23030303030303031,2.461209666673578,0.0003211916362060792,0.00013050153367883622,0.0006423832724121584,2.0,0.953333
200,0.12272727272727274,0.3878787878787879,2.5695435904999298,0.00037977437637188693,0.00014779837858208824,0.0007595487527437739,2.0,0.953333
465,0.1984848484848485,0.2909090909090909,1.2747820474839384,0.0001338002607476299,0.00010495932305582277,0.0002676005214952598,2.0,0.951667
354,0.1303030303030303,0.3171717171717172,3.5843713469030587,0.000288282581473327,8.042765483057629e-05,0.000576565162946654,2.0,0.951667
369,0.18333333333333335,0.37777777777777777,1.1833771956810932,0.00036780335668595685,0.00031080821738690636,0.0007356067133719137,2.0,0.951667
6,0.2,0.27070707070707073,0.9138584489095685,0.0006811633987043824,0.0007453707951348026,0.0013623267974087647,2.0,0.951667
454,0.18333333333333335,0.3656565656565657,1.650745808889955,0.00038909224564178004,0.00023570694139967278,0.0007781844912835601,2.0,0.951667
522,0.19393939393939397,0.31313131313131315,1.43931791052625,0.0006727077009063521,0.00046737951079924635,0.0013454154018127042,2.0,0.951667
64,0.14545454545454548,0.23232323232323232,1.2500649702034166,0.0007139854180593352,0.0005711586478126429,0.0014279708361186704,2.0,0.95
250,0.14393939393939395,0.3292929292929293,1.4909489234498967,0.00044303265540803296,0.00029714811046840066,0.0008860653108160659,2.0,0.95
223,0.11666666666666668,0.38383838383838387,3.655243810091171,0.0006160884642492331,0.0001685492121068297,0.0012321769284984662,2.0,0.95
248,0.15909090909090912,0.35555555555555557,0.957826789066093,0.000903153260148485,0.0009429191900438323,0.00180630652029697,2.0,0.95
510,0.17878787878787883,0.3919191919191919,4.789196174318892,0.0007152153077416054,0.00014933932161242518,0.0014304306154832107,2.0,0.95
216,0.11363636363636365,0.4,1.4336926507424306,0.0005081660050653723,0.00035444556739704363,0.0010163320101307445,2.0,0.948333
291,0.14545454545454548,0.35151515151515156,3.224741366714952,0.0005054638301771136,0.0001567455410205595,0.0010109276603542273,2.0,0.948333
407,0.13181818181818183,0.23434343434343435,1.999922039301479,0.000580063486814067,0.0002900430493863992,0.001160126973628134,2.0,0.946667
98,0.1575757575757576,0.21010101010101012,1.76437788158912,0.00031757540458087337,0.00017999285067824765,0.0006351508091617467,2.0,0.946667
51,0.15606060606060607,0.35555555555555557,4.463243228524536,0.000314774036389142,7.052585312344727e-05,0.000629548072778284,2.0,0.946667
265,0.11363636363636365,0.3171717171717172,1.9006596177755695,0.00013312195684101982,7.00398722611988e-05,0.00026624391368203963,2.0,0.946667
420,0.11666666666666668,0.3353535353535354,2.5197220483567766,0.00032319210583026353,0.000128264983052806,0.0006463842116605271,2.0,0.946667
346,0.18787878787878792,0.3373737373737374,3.9068591273160314,0.00046601975625522513,0.00011928245710138402,0.0009320395125104503,2.0,0.946667
579,0.10454545454545455,0.3494949494949495,2.9240050736342695,0.0004277039754906187,0.000146273335620113,0.0008554079509812374,2.0,0.945
549,0.15454545454545457,0.23030303030303031,2.509874264902291,0.0001218535403395895,4.854965925726691e-05,0.000243707080679179,2.0,0.945
262,0.17878787878787883,0.22626262626262628,1.9843200702108188,0.000233443773955933,0.00011764421348171486,0.000466887547911866,2.0,0.945
490,0.1984848484848485,0.30707070707070705,1.4851218751254964,0.0008630309275280901,0.0005811179149557418,0.0017260618550561802,2.0,0.945
31,0.1196969696969697,0.3090909090909091,3.0646873093244458,0.0008557208539779049,0.000279219629152487,0.0017114417079558098,2.0,0.945
269,0.15909090909090912,0.301010101010101,1.0318099755149341,0.00022076491409528813,0.00021395888713434216,0.00044152982819057625,2.0,0.945
288,0.18181818181818182,0.3656565656565657,0.6893354968807641,0.00026638988469619723,0.0003864444612262224,0.0005327797693923945,2.0,0.945
83,0.13181818181818183,0.38181818181818183,1.3361154528445653,0.00015502743140554583,0.0001160284697519928,0.00031005486281109165,2.0,0.945
590,0.1772727272727273,0.301010101010101,0.9615849338216012,0.00015819904824490266,0.00016451905877536624,0.0003163980964898053,2.0,0.943333
537,0.1772727272727273,0.3373737373737374,0.7844274359725479,0.0007345548769850764,0.0009364217049271886,0.0014691097539701527,2.0,0.941667
593,0.18484848484848487,0.2787878787878788,1.450634730775555,7.140855800915136e-05,4.922573304926603e-05,0.0001428171160183027,2.0,0.941667
479,0.1954545454545455,0.3939393939393939,1.174145328604886,0.00011186670172981358,9.5275004724273e-05,0.00022373340345962717,2.0,0.941667
468,0.12424242424242425,0.22424242424242424,2.4515905660869506,0.00017713598650746695,7.225349491787222e-05,0.0003542719730149339,2.0,0.941667
70,0.14545454545454548,0.2484848484848485,2.015646680859731,0.0012125333348280089,0.0006015604551839554,0.0024250666696560177,2.0,0.941667
36,0.19393939393939397,0.3656565656565657,2.9125772382491153,0.001137284297234215,0.000390473523688556,0.00227456859446843,2.0,0.941667
299,0.1893939393939394,0.3717171717171717,0.8516611943768706,0.00011705905057157883,0.00013744790926775366,0.00023411810114315766,2.0,0.941667
271,0.19696969696969702,0.3919191919191919,0.8062272440992502,0.00010412825270422597,0.0001291549665014884,0.00020825650540845194,2.0,0.94
397,0.19696969696969702,0.22424242424242424,4.291843211104194,0.0013952623008794136,0.000325096288995246,0.002790524601758827,2.0,0.94
139,0.1803030303030303,0.2888888888888889,0.6153343977269332,0.00046988769914693354,0.0007636298261282241,0.0009397753982938671,2.0,0.94
13,0.17121212121212123,0.2202020202020202,2.2847351820492854,8.267885011450312e-05,3.618749812411284e-05,0.00016535770022900624,2.0,0.938333
357,0.1303030303030303,0.3373737373737374,2.7897807533661885,0.0008944912152988924,0.0003206313665400361,0.0017889824305977848,2.0,0.938333
11,0.16060606060606064,0.3414141414141414,4.3255883745618675,0.0019870433939069335,0.00045936950579773974,0.003974086787813867,2.0,0.938333
493,0.14242424242424245,0.24646464646464647,2.4134886388674466,0.0016386156207091307,0.0006789406812696112,0.0032772312414182615,2.0,0.938333
360,0.12424242424242425,0.3919191919191919,0.9246575996008656,0.000813627066971299,0.0008799225435691075,0.001627254133942598,2.0,0.938333
471,0.16969696969696973,0.2787878787878788,0.8583574889060949,0.00039430325547658166,0.00045936950579773974,0.0007886065109531633,2.0,0.938333
72,0.19242424242424244,0.2282828282828283,1.133485107666422,0.000115324963549631,0.0001017436954130415,0.000230649927099262,2.0,0.938333
76,0.1484848484848485,0.24646464646464647,0.8189552144250047,0.000616789581695035,0.0007531420165974376,0.00123357916339007,2.0,0.936667
481,0.1196969696969697,0.21212121212121213,2.2758057934532947,0.0002640582636671056,0.0001160284697519928,0.0005281165273342112,2.0,0.936667
342,0.17121212121212123,0.20202020202020204,2.844942067474081,0.00011781227548511038,4.141113340480481e-05,0.00023562455097022076,2.0,0.936667
301,0.1181818181818182,0.301010101010101,1.5504917955639048,0.000982361365940944,0.0006335804992658248,0.001964722731881888,2.0,0.936667
416,0.1257575757575758,0.32525252525252524,1.3572088082974536,0.00020764972210813838,0.00015299762338606094,0.00041529944421627677,2.0,0.936667
229,0.15151515151515155,0.3494949494949495,1.2067756799957903,0.0001320278613240805,0.00010940547072057424,0.000264055722648161,2.0,0.935
589,0.0984848484848485,0.26666666666666666,1.2949071278393016,0.0007046514617727608,0.0005441714286865894,0.0014093029235455216,2.0,0.935
340,0.10606060606060608,0.2828282828282829,1.8784616607868618,0.00027193367770490085,0.0001447640286632156,0.0005438673554098017,2.0,0.935
370,0.14545454545454548,0.2606060606060606,3.6267281980707216,0.0020930339374155083,0.0005771135368040321,0.004186067874831017,2.0,0.935
10,0.1,0.2868686868686869,2.7143470768388016,0.0009293941051680854,0.0003424006137971426,0.001858788210336171,2.0,0.935
58,0.11060606060606062,0.2909090909090909,2.693171671817037,0.0001245745143749643,4.6255690150979494e-05,0.0002491490287499286,2.0,0.933333
509,0.11363636363636365,0.24242424242424243,3.712949419878915,0.00023605996388139974,6.357747902989156e-05,0.0004721199277627995,2.0,0.933333
330,0.13484848484848488,0.3393939393939394,1.999922039301479,0.0011662155614432508,0.0005831305113526224,0.0023324311228865016,2.0,0.933333
310,0.1257575757575758,0.22222222222222224,0.9392552388835126,0.0004852849683735057,0.0005166699617777604,0.0009705699367470114,2.0,0.93
220,0.13484848484848488,0.2,3.1870793521761147,0.0015688631739704912,0.0004922573304926602,0.0031377263479409824,2.0,0.93
52,0.13787878787878788,0.23030303030303031,3.076711966256457,0.0020319202591380296,0.0006604193962330305,0.004063840518276059,2.0,0.926667
175,0.1803030303030303,0.3797979797979798,0.8822118668946352,0.00014069400679976772,0.00015947870582948208,0.00028138801359953543,2.0,0.926667
173,0.13787878787878788,0.28080808080808084,1.1926816494870998,0.0008982586626534724,0.0007531420165974376,0.0017965173253069449,2.0,0.926667
54,0.0984848484848485,0.26666666666666666,2.2758057934532947,0.0006904260683650906,0.0003033765316668089,0.0013808521367301811,2.0,0.926667
324,0.1257575757575758,0.21616161616161617,4.047005437327257,0.002120083700373754,0.0005238648015689127,0.004240167400747508,2.0,0.926667
594,0.17575757575757578,0.34545454545454546,0.6786220395460453,0.0006532981728664605,0.000962683400768232,0.001306596345732921,2.0,0.926667
115,0.1090909090909091,0.2727272727272727,3.4467222697983693,0.0002743514065650794,7.959777002314978e-05,0.0005487028131301588,2.0,0.926667
325,0.15454545454545457,0.35757575757575755,0.7253362147495594,0.0002861774816931216,0.00039454459307802737,0.0005723549633862432,2.0,0.925
107,0.0984848484848485,0.32323232323232326,1.137932468255466,0.00046475877709822964,0.00040842386526745213,0.0009295175541964593,2.0,0.923333
177,0.15151515151515155,0.21212121212121213,0.9844454911444668,0.0005622745555673268,0.0005711586478126429,0.0011245491111346536,2.0,0.923333
580,0.11363636363636365,0.3171717171717172,1.1513795225732033,0.0011122527448648074,0.0009660174799522646,0.002224505489729615,2.0,0.923333
96,0.0893939393939394,0.29494949494949496,3.224741366714952,0.0003372984987663499,0.00010459707009308356,0.0006745969975326999,2.0,0.921667
152,0.1303030303030303,0.21010101010101012,0.903185422370286,0.0007214052885420062,0.0007987344244870308,0.0014428105770840124,2.0,0.921667
518,0.16363636363636364,0.2484848484848485,1.5998336892456595,8.068216447815603e-05,5.043159487171359e-05,0.00016136432895631206,2.0,0.92
500,0.11060606060606062,0.296969696969697,2.2936996061394863,0.00018640023258496483,8.126619200091945e-05,0.00037280046516992966,2.0,0.92
521,0.09242424242424244,0.3090909090909091,2.3853013103751337,0.0006456180729379858,0.0002706652070033241,0.0012912361458759715,2.0,0.918333
417,0.19242424242424244,0.23232323232323232,1.0277773715173324,0.00011322467784571955,0.0001101645949633657,0.0002264493556914391,2.0,0.918333
544,0.14545454545454548,0.27474747474747474,2.214269632285301,8.646136657150054e-05,3.904735236885564e-05,0.00017292273314300108,2.0,0.916667
129,0.1272727272727273,0.3393939393939394,4.3255883745618675,0.0008971436885127042,0.00020740385141329462,0.0017942873770254084,2.0,0.916667
375,0.1393939393939394,0.2181818181818182,1.1604323906021488,0.0002841245307353064,0.00024484367468222265,0.0005682490614706128,2.0,0.916667
219,0.11212121212121214,0.3292929292929293,1.9006596177755695,0.00010130504512443181,5.329994080844093e-05,0.00020261009024886363,2.0,0.915
110,0.14393939393939395,0.301010101010101,1.0856965082566927,0.00012950454717125138,0.00011928245710138403,0.00025900909434250276,2.0,0.915
598,0.16515151515151516,0.3878787878787879,1.0856965082566927,6.17964740901773e-05,5.691873706898455e-05,0.0001235929481803546,2.0,0.913333
199,0.1681818181818182,0.39595959595959596,0.7140632444394436,0.00016428523779429832,0.00023007099031300244,0.00032857047558859664,2.0,0.913333
547,0.1196969696969697,0.20202020202020204,2.320804468732621,0.00015486842311930731,6.673049160573193e-05,0.00030973684623861463,2.0,0.91
274,0.1196969696969697,0.2585858585858586,4.5337047860879425,0.00430457932014804,0.0009494617588152204,0.00860915864029608,2.0,0.908333
376,0.16515151515151516,0.2282828282828283,1.7713006233187534,7.672358933461346e-05,4.331483223376403e-05,0.00015344717866922693,2.0,0.908333
506,0.10454545454545455,0.397979797979798,1.2210362609800958,0.00017194011385421377,0.00014081491217648334,0.00034388022770842755,2.0,0.906667
387,0.10757575757575759,0.26666666666666666,3.340418842804583,0.002742933882602473,0.0008211347174354735,0.005485867765204946,2.0,0.906667
482,0.16666666666666669,0.35353535353535354,1.3361154528445653,5.5906925345672364e-05,4.1842885079015846e-05,0.00011181385069134473,2.0,0.905
14,0.10303030303030304,0.32323232323232326,2.693171671817037,0.000135352174988078,5.025753701647923e-05,0.000270704349976156,2.0,0.905
2,0.11060606060606062,0.21010101010101012,1.5263944905871982,0.00042767536751398406,0.00028018665564591953,0.0008553507350279681,2.0,0.903333
61,0.08636363636363636,0.3717171717171717,2.1713365883746727,0.00013016820868718773,5.994842503189409e-05,0.00026033641737437547,2.0,0.896667
0,0.1,0.3,1.0,0.0005,0.0005,0.001,2.0,0.895
253,0.10303030303030304,0.22424242424242424,1.61873907345674,0.0003016109608597781,0.00018632463119315598,0.0006032219217195562,2.0,0.893333
569,0.09696969696969698,0.32323232323232326,1.3308935373327393,0.0003083246030525849,0.00023166736812810899,0.0006166492061051698,2.0,0.893333
162,0.1196969696969697,0.296969696969697,1.8858320234865653,0.0004162429109613068,0.0002207210959286545,0.0008324858219226136,2.0,0.891667
109,0.18181818181818182,0.3212121212121212,1.1604323906021488,4.578423253446868e-05,3.9454459307802694e-05,9.156846506893736e-05,2.0,0.891667
294,0.10757575757575759,0.2181818181818182,1.5811491025417428,0.00044148786604649305,0.000279219629152487,0.0008829757320929861,2.0,0.891667
130,0.11515151515151516,0.2585858585858586,1.3308935373327393,0.00012812291165799445,9.626834007682328e-05,0.0002562458233159889,2.0,0.888333
311,0.17121212121212123,0.3434343434343434,1.003910571650738,6.699144597444511e-05,6.673049160573193e-05,0.00013398289194889023,2.0,0.886667
382,0.11212121212121214,0.2484848484848485,2.8227478532351347,0.0013284486091731322,0.0004706224849841282,0.0026568972183462643,2.0,0.886667
154,0.08484848484848485,0.2727272727272727,4.62334807202577,0.0002489933922852109,5.3855644958202715e-05,0.0004979867845704218,2.0,0.886667
284,0.14696969696969697,0.29898989898989903,0.7692179704845746,0.00013845373530045474,0.00017999285067824765,0.0002769074706009095,2.0,0.885
112,0.1863636363636364,0.3191919191919192,0.6299632534600008,0.000152650981715368,0.00024231727942376007,0.000305301963430736,2.0,0.88
169,0.16515151515151516,0.3717171717171717,0.9921858191060963,6.286295866337124e-05,6.335804992658255e-05,0.0001257259173267425,2.0,0.88
492,0.1,0.2282828282828283,1.5323834768163576,0.0010732794297138937,0.000700398722611988,0.0021465588594277874,2.0,0.88
406,0.1196969696969697,0.37777777777777777,2.2229575765992906,0.0021252579777053266,0.0009560497240602197,0.004250515955410653,2.0,0.88
242,0.18484848484848487,0.3414141414141414,0.6081478576612268,9.833721168914393e-05,0.00016169951180511005,0.00019667442337828787,2.0,0.88
37,0.08333333333333334,0.38383838383838387,2.856104528404024,0.00016144565081932212,5.652652037547698e-05,0.00032289130163864425,2.0,0.878333
391,0.1272727272727273,0.3212121212121212,1.8063239024579822,0.0015354124516619209,0.0008500205580918159,0.0030708249033238417,2.0,0.878333
434,0.1196969696969697,0.3434343434343434,0.8189552144250047,0.0001884178372047581,0.00023007099031300244,0.0003768356744095162,2.0,0.876667
334,0.0787878787878788,0.37777777777777777,2.0635663235971733,0.0002337074118031795,0.00011325413151528115,0.000467414823606359,2.0,0.876667
15,0.10303030303030304,0.32727272727272727,3.137546666254084,0.001037790554271015,0.00033076497807442423,0.00207558110854203,2.0,0.876667
469,0.2,0.2505050505050505,0.6275011796338809,9.178669065060346e-05,0.000146273335620113,0.00018357338130120692,2.0,0.876667
232,0.0803030303030303,0.3898989898989899,3.1870793521761147,0.00010578251731120385,3.319105225258239e-05,0.0002115650346224077,2.0,0.875
534,0.09696969696969698,0.3393939393939394,4.393876764560848,0.0030881239168602526,0.0007028244264308353,0.006176247833720505,2.0,0.873333
29,0.12121212121212123,0.21616161616161617,4.551493303865223,0.004504529170049086,0.0009896815988334523,0.009009058340098172,2.0,0.873333
252,0.13181818181818183,0.37373737373737376,0.9883080774720381,8.817445729975446e-05,8.921758236084958e-05,0.00017634891459950892,2.0,0.873333
462,0.11515151515151516,0.3111111111111111,3.224741366714952,0.0021004323696169223,0.0006513490946272803,0.004200864739233845,2.0,0.868333
172,0.0803030303030303,0.21414141414141416,1.174145328604886,0.0005138815148884757,0.00043766431835066564,0.0010277630297769514,2.0,0.868333
570,0.13333333333333336,0.3676767676767677,4.062884333630245,0.0028952582740641767,0.0007126115430111746,0.005790516548128353,2.0,0.868333
165,0.07121212121212123,0.3878787878787879,1.4449652416707748,0.0006088103471835028,0.00042133217438472884,0.0012176206943670055,2.0,0.868333
73,0.0787878787878788,0.3898989898989899,2.2669113034229333,0.0001755187094099716,7.742636826811278e-05,0.0003510374188199432,2.0,0.868333
443,0.16969696969696973,0.37777777777777777,0.7454938349241833,2.5262369689279914e-05,3.388675869043115e-05,5.052473937855983e-05,2.0,0.866667
116,0.16363636363636364,0.35555555555555557,1.2210362609800958,0.0011083744840038137,0.0009077326525210224,0.0022167489680076273,2.0,0.866667
415,0.08333333333333334,0.32727272727272727,1.3308935373327393,0.00015442154053953446,0.0001160284697519928,0.0003088430810790689,2.0,0.865
82,0.11212121212121214,0.31313131313131315,3.3535253644623526,0.002423039278781359,0.0007225349491787215,0.004846078557562718,2.0,0.865
208,0.0696969696969697,0.3434343434343434,4.031188600223374,0.0003046572345654241,7.557503872394921e-05,0.0006093144691308482,2.0,0.863333
268,0.09545454545454546,0.37777777777777777,0.809390570416437,0.0003021552972655352,0.00037331210457526603,0.0006043105945310704,2.0,0.861667
55,0.11515151515151516,0.2909090909090909,3.5703626141272427,0.002492046663008396,0.0006979813907830659,0.004984093326016792,2.0,0.861667
347,0.1863636363636364,0.2787878787878788,0.7572630023374592,4.0362073201008844e-05,5.329994080844093e-05,8.072414640201769e-05,2.0,0.861667
32,0.1090909090909091,0.2202020202020202,1.2898462660680807,0.0012204329564065185,0.0009461848194722001,0.002440865912813037,2.0,0.86
385,0.1196969696969697,0.24242424242424243,0.8253943540244628,0.00027206928284451924,0.00032962338731536286,0.0005441385656890385,2.0,0.858333
228,0.09242424242424244,0.26262626262626265,1.9382406649821649,0.0007062675659791087,0.00036438589837635443,0.0014125351319582175,2.0,0.858333
50,0.12272727272727274,0.27474747474747474,0.7484188666501344,0.0001014557951805105,0.0001355601785329369,0.000202911590361021,2.0,0.858333
28,0.0803030303030303,0.23030303030303031,1.202059260745307,0.0007993715757602992,0.0006650018030431119,0.0015987431515205985,2.0,0.858333
571,0.10454545454545455,0.37777777777777777,1.9156037959117356,6.078650733597924e-05,3.173229634734973e-05,0.00012157301467195848,2.0,0.858333
488,0.06515151515151515,0.397979797979798,1.8205263540266325,0.0003622394693615185,0.0001989751307693617,0.000724478938723037,2.0,0.858333
259,0.08636363636363636,0.32727272727272727,1.8565229555283773,9.895256363917433e-05,5.329994080844093e-05,0.00019790512727834865,2.0,0.856667
592,0.14545454545454548,0.301010101010101,0.8483326625555608,8.337938376541626e-05,9.828618824393714e-05,0.00016675876753083252,2.0,0.856667
197,0.08333333333333334,0.2868686868686869,2.258051575564779,0.000181609792709163,8.042765483057629e-05,0.000363219585418326,2.0,0.855
446,0.08787878787878789,0.24646464646464647,2.878561013746693,0.00017801915303344295,6.184310569875183e-05,0.0003560383060668859,2.0,0.855
4,0.07424242424242425,0.33333333333333337,3.9068591273160314,0.00014993804223493415,3.83781542535269e-05,0.0002998760844698683,2.0,0.855
97,0.18181818181818182,0.2888888888888889,0.5802312738108398,1.886310338748885e-05,3.25096288995246e-05,3.77262067749777e-05,2.0,0.855
344,0.15909090909090912,0.3858585858585859,0.5079001371815166,0.00012392693750991462,0.000243998629725955,0.00024785387501982924,2.0,0.855
19,0.1272727272727273,0.2868686868686869,0.8891483699746253,3.656691740161979e-05,4.1125776795455796e-05,7.313383480323958e-05,2.0,0.855
552,0.07727272727272727,0.3656565656565657,1.8858320234865653,0.00018217466989417717,9.660174799522646e-05,0.00036434933978835433,2.0,0.853333
403,0.09090909090909091,0.37777777777777777,4.789196174318892,0.0018895514557674927,0.00039454459307802737,0.0037791029115349854,2.0,0.853333
105,0.19242424242424244,0.3353535353535354,0.3984159792046751,0.00033285774771735444,0.000835452805838287,0.0006657154954347089,2.0,0.851667
138,0.18181818181818182,0.2787878787878788,0.4696398240039576,0.00010693559099996986,0.000227697025538168,0.00021387118199993972,2.0,0.85
450,0.07121212121212123,0.21616161616161617,2.480561240908774,0.0005234488835340067,0.00021102034285685965,0.0010468977670680135,2.0,0.85
124,0.10454545454545455,0.21212121212121213,1.893231304661135,0.0001554597952392914,8.211347174354735e-05,0.0003109195904785828,2.0,0.85
444,0.1803030303030303,0.27070707070707073,0.5139020405661144,0.00021878093361308153,0.00042572497546822827,0.00043756186722616305,2.0,0.848333
21,0.12424242424242425,0.21010101010101012,1.1833771956810932,0.0001392174794380996,0.00011764421348171486,0.0002784349588761992,2.0,0.848333
562,0.1984848484848485,0.39595959595959596,0.6449398931311183,4.486023906426135e-05,6.955724020492732e-05,8.97204781285227e-05,2.0,0.848333
147,0.07121212121212123,0.37575757575757573,1.5626827346330947,8.83330174396437e-05,5.6526520375476976e-05,0.0001766660348792874,2.0,0.846667
361,0.06060606060606061,0.36969696969696975,1.9843200702108188,0.00035470227770659235,0.00017875255259042355,0.0007094045554131847,2.0,0.846667
5,0.1575757575757576,0.3434343434343434,0.6947554849547072,7.706852180406221e-05,0.00011092898648952228,0.00015413704360812443,2.0,0.846667
90,0.0984848484848485,0.2585858585858586,1.7437715699902134,0.00010453635923630657,5.994842503189409e-05,0.00020907271847261314,2.0,0.846667
117,0.19393939393939397,0.20606060606060608,0.4445857384672811,2.3209898695861555e-05,5.220567527846975e-05,4.641979739172311e-05,2.0,0.846667
111,0.08333333333333334,0.36969696969696975,2.500064969359213,0.0012783801059547593,0.0005113387538414326,0.0025567602119095185,2.0,0.845
404,0.19242424242424244,0.37373737373737376,0.3446767055774851,1.101327383789762e-05,3.1952475057592136e-05,2.202654767579524e-05,2.0,0.845
452,0.09242424242424244,0.22222222222222224,1.8565229555283773,0.00022145061980054833,0.00011928245710138402,0.00044290123960109666,2.0,0.845
511,0.1090909090909091,0.3212121212121212,0.9210437772682193,9.567462953378195e-05,0.00010387631065436353,0.0001913492590675639,2.0,0.845
296,0.07121212121212123,0.2646464646464647,3.250096306114176,0.0002560310436289114,7.877644830008831e-05,0.0005120620872578228,2.0,0.843333
188,0.0787878787878788,0.21212121212121213,2.8898553825205817,0.00019893625941478735,6.883952069645496e-05,0.0003978725188295747,2.0,0.843333
297,0.17272727272727273,0.27474747474747474,0.3786413409471331,1.323645151127146e-05,3.4957755743632785e-05,2.647290302254292e-05,2.0,0.841667
553,0.19393939393939397,0.31313131313131315,0.38764309604444686,1.768443596158549e-05,4.562040738514225e-05,3.536887192317098e-05,2.0,0.84
88,0.15454545454545457,0.2545454545454546,0.5601380781784153,0.0001999160441410454,0.000356904934567523,0.0003998320882820908,2.0,0.84
379,0.07121212121212123,0.22424242424242424,1.7574821958839828,6.16504114165641e-05,3.507882558409363e-05,0.0001233008228331282,2.0,0.84
246,0.06666666666666668,0.21414141414141416,1.8492671409212675,5.929330504911709e-05,3.206313665400358e-05,0.00011858661009823419,2.0,0.84
134,0.11515151515151516,0.397979797979798,0.7572630023374592,2.4875009512502265e-05,3.28485736603004e-05,4.975001902500453e-05,2.0,0.84
293,0.13484848484848488,0.21616161616161617,1.2210362609800958,9.585691685685724e-05,7.850456200204509e-05,0.00019171383371371448,2.0,0.84
243,0.1257575757575758,0.21212121212121213,0.4808049616221963,2.278476828882504e-05,4.738879609717651e-05,4.556953657765008e-05,2.0,0.84
362,0.06666666666666668,0.3434343434343434,2.015646680859731,0.00016839776751028927,8.354528058382871e-05,0.00033679553502057854,2.0,0.838333
519,0.08787878787878789,0.22424242424242424,1.61873907345674,0.00025373013184009594,0.0001567455410205595,0.0005074602636801919,2.0,0.838333
67,0.06666666666666668,0.3111111111111111,1.2697998401950537,0.00010868452221266423,8.559185374914618e-05,0.00021736904442532846,2.0,0.838333
108,0.15606060606060607,0.38383838383838387,0.6839577916982237,3.879565201452692e-05,5.672228971644549e-05,7.759130402905384e-05,2.0,0.836667
217,0.2,0.3414141414141414,0.5601380781784153,5.014724157145919e-05,8.952657125996401e-05,0.00010029448314291839,2.0,0.836667
473,0.06666666666666668,0.25252525252525254,2.120914330370252,0.0003312964789639057,0.00015620455490348385,0.0006625929579278114,2.0,0.836667
260,0.13787878787878788,0.2909090909090909,0.6399085308678774,0.00010383125663472804,0.0001622595287078087,0.00020766251326945608,2.0,0.836667
178,0.07727272727272727,0.21616161616161617,0.7002180883746676,0.00024058545152408025,0.0003435864561604263,0.0004811709030481605,2.0,0.836667
114,0.06363636363636364,0.25252525252525254,2.196995475751995,0.00010483537216188481,4.7717609489387505e-05,0.00020967074432376963,2.0,0.835
174,0.1954545454545455,0.24242424242424243,0.3756874505545023,7.44944615592993e-05,0.00019828839491270716,0.0001489889231185986,2.0,0.835
331,0.12121212121212123,0.35151515151515156,0.5302561418396575,0.000376562491602514,0.0007101520602780336,0.000753124983205028,2.0,0.835
561,0.17575757575757578,0.301010101010101,0.6324349875189971,5.800672554126448e-05,9.17196655561724e-05,0.00011601345108252896,2.0,0.835
335,0.15606060606060607,0.2484848484848485,0.7281821557094057,6.000064902343473e-05,8.239785684528512e-05,0.00012000129804686946,2.0,0.835
202,0.06363636363636364,0.2787878787878788,1.9921057806860747,8.335545324649057e-05,4.1842885079015846e-05,0.00016671090649298114,2.0,0.833333
351,0.06515151515151515,0.33333333333333337,1.7166703654227413,9.341629653360216e-05,5.441714286865888e-05,0.00018683259306720432,2.0,0.833333
508,0.05303030303030303,0.3191919191919192,3.113069759081994,0.0002360851837979574,7.58367791499719e-05,0.0004721703675959148,2.0,0.833333
66,0.0803030303030303,0.21414141414141416,0.9067291753714333,0.0003236161170064055,0.000356904934567523,0.000647232234012811,2.0,0.833333
267,0.1575757575757576,0.20404040404040405,0.5963563222960524,0.00014056532471276,0.0002357069413996728,0.00028113064942552,2.0,0.833333
193,0.19696969696969702,0.39595959595959596,0.2640987388962988,1.010064040524502e-05,3.824569722466999e-05,2.020128081049004e-05,2.0,0.833333
595,0.14696969696969697,0.35757575757575755,0.5323366634551302,0.00010126646676627547,0.00019023011886689457,0.00020253293353255094,2.0,0.831667
516,0.14090909090909093,0.32525252525252524,0.5847934160455194,9.456080988140309e-05,0.00016169951180511005,0.00018912161976280617,2.0,0.831667
578,0.08181818181818182,0.25656565656565655,1.094232935226289,0.00029210312880506285,0.0002669478494034321,0.0005842062576101257,2.0,0.831667
531,0.0590909090909091,0.2787878787878788,1.79926427988903,0.00041252979266648775,0.0002292769312865649,0.0008250595853329755,2.0,0.831667
363,0.14696969696969697,0.22626262626262628,0.6081478576612268,0.00016805468440383832,0.000276338529005317,0.00033610936880767664,2.0,0.83
194,0.10606060606060608,0.23030303030303031,0.6250487282857259,5.634674471174082e-05,9.014776314524917e-05,0.00011269348942348164,2.0,0.83
525,0.11515151515151516,0.22222222222222224,0.7752660446736369,0.0002210068415246999,0.0002850722575083718,0.0004420136830493998,2.0,0.83
425,0.0787878787878788,0.26666666666666666,1.3894748605928802,0.00011409460470366286,8.211347174354735e-05,0.00022818920940732572,2.0,0.83
3,0.07575757575757576,0.20606060606060608,1.5383959615292149,0.00065042055445068,0.00042279138187813567,0.00130084110890136,2.0,0.83
113,0.0590909090909091,0.2545454545454546,2.2404358634546293,0.0001153570729146224,5.148867450137498e-05,0.0002307141458292448,2.0,0.828333
270,0.05606060606060606,0.31313131313131315,2.539533683639657,8.086432776605806e-05,3.184219539477161e-05,0.00016172865553211612,2.0,0.828333
494,0.11666666666666668,0.2727272727272727,0.622605861808182,3.399777085860277e-05,5.46056067635886e-05,6.799554171720555e-05,2.0,0.828333
499,0.17878787878787883,0.22626262626262628,0.330144871945706,7.039363382378167e-05,0.00021322043686130087,0.00014078726764756334,2.0,0.828333
550,0.1803030303030303,0.22626262626262628,0.4714825104496763,0.00011385404640844039,0.0002414809539803547,0.00022770809281688078,2.0,0.828333
527,0.14696969696969697,0.2828282828282829,0.4110949233585714,2.8201905305760478e-05,6.86019303652694e-05,5.6403810611520957e-05,2.0,0.826667
478,0.05303030303030303,0.3393939393939394,1.3308935373327393,0.0006805374428753391,0.0005113387538414326,0.0013610748857506782,2.0,0.826667
206,0.05303030303030303,0.2767676767676768,2.3299104148622245,8.088719276556897e-05,3.4716868189265594e-05,0.00016177438553113794,2.0,0.826667
102,0.18484848484848487,0.21414141414141416,0.42584166356484826,0.00039876737662442545,0.0009364217049271886,0.0007975347532488509,2.0,0.825
474,0.14393939393939395,0.3151515151515152,0.3584417921462387,8.361544548271343e-05,0.00023327482262057103,0.00016723089096542685,2.0,0.825
204,0.05,0.2767676767676768,1.6768062575099827,0.00016595042978664174,9.896815988334524e-05,0.00033190085957328347,2.0,0.825
496,0.09090909090909091,0.28080808080808084,0.6474703897769178,0.00012706112748997136,0.000196242375707327,0.0002541222549799427,2.0,0.825
372,0.12121212121212123,0.2545454545454546,0.5557682793510101,3.484905877937391e-05,6.270429615030991e-05,6.969811755874782e-05,2.0,0.825
106,0.11363636363636365,0.23232323232323232,0.45515524450016737,4.979647377547887e-05,0.00010940547072057424,9.959294755095775e-05,2.0,0.825
529,0.1181818181818182,0.3474747474747475,0.4961058018884257,0.0001474169016235564,0.00029714811046840066,0.0002948338032471128,2.0,0.825
283,0.10151515151515153,0.2686868686868687,0.6576920536665978,6.441894168391035e-05,9.794696670695384e-05,0.0001288378833678207,2.0,0.823333
192,0.18181818181818182,0.3616161616161616,0.3125324859459337,0.00015652901996987385,0.0005008407989848212,0.0003130580399397477,2.0,0.823333
136,0.07272727272727274,0.3656565656565657,2.6101091690139073,0.0004035040159461392,0.0001545927736419477,0.0008070080318922784,2.0,0.823333
179,0.15909090909090912,0.27070707070707073,0.35011814273143593,6.91847557110754e-05,0.0001976040292323404,0.0001383695114221508,2.0,0.823333
241,0.19242424242424244,0.3292929292929293,0.31131102096486774,0.00017176561847786315,0.0005517492376129123,0.0003435312369557263,2.0,0.823333
470,0.17575757575757578,0.3919191919191919,0.2947033728287545,0.0001386940336538724,0.00047062248498412813,0.0002773880673077448,2.0,0.823333
429,0.12272727272727274,0.3171717171717172,0.6374075880965213,4.702026767703402e-05,7.376797602527731e-05,9.404053535406804e-05,2.0,0.823333
543,0.1681818181818182,0.2787878787878788,0.39376284684615753,0.00018403668672987568,0.00046737951079924635,0.00036807337345975136,2.0,0.821667
183,0.1803030303030303,0.3212121212121212,0.4062937125885601,4.649418723514139e-05,0.00011443491689526705,9.298837447028278e-05,2.0,0.821667
302,0.15151515151515155,0.32323232323232326,0.2589780604619954,9.768762489253642e-06,3.7720424934170016e-05,1.9537524978507283e-05,2.0,0.821667
349,0.0787878787878788,0.3353535353535354,0.6324349875189971,7.782264333387759e-05,0.00012305240043592616,0.00015564528666775517,2.0,0.821667
255,0.11515151515151516,0.2868686868686869,0.9844454911444668,4.53790435301756e-05,4.609604486828439e-05,9.07580870603512e-05,2.0,0.821667
285,0.1,0.23434343434343435,3.8161349807423712,0.002728840060788856,0.000715079543716245,0.005457680121577712,2.0,0.821667
157,0.18181818181818182,0.3939393939393939,0.34874978241750615,5.1366752948924505e-05,0.00014728827239075018,0.00010273350589784901,2.0,0.821667
576,0.06666666666666668,0.2585858585858586,1.8420396840812705,5.988402654767963e-05,3.25096288995246e-05,0.00011976805309535925,2.0,0.821667
12,0.16666666666666669,0.28484848484848485,0.2320834624772539,3.8580239189140716e-05,0.00016623433129330317,7.716047837828143e-05,2.0,0.821667
275,0.15454545454545457,0.27474747474747474,0.3514918719661313,1.8669836381631417e-05,5.3115983243647765e-05,3.733967276326283e-05,2.0,0.821667
290,0.0696969696969697,0.22424242424242424,0.9653578240949466,0.000709667124988693,0.0007351337579451726,0.001419334249977386,2.0,0.821667
244,0.16515151515151516,0.35555555555555557,0.4751896016922907,1.690121707298779e-05,3.5567312527036694e-05,3.380243414597558e-05,2.0,0.821667
316,0.05606060606060606,0.32525252525252524,0.9960787755102484,5.930187990901273e-05,5.95353313081437e-05,0.00011860375981802546,2.0,0.821667
438,0.09545454545454546,0.24242424242424243,0.6893354968807641,0.00010083140249009736,0.000146273335620113,0.00020166280498019472,2.0,0.82
308,0.0590909090909091,0.29898989898989903,2.196995475751995,0.0009582278790211347,0.0004361537789208006,0.0019164557580422694,2.0,0.82
542,0.05606060606060606,0.2646464646464647,1.5749695265122208,5.6406117696406733e-05,3.581410100125455e-05,0.00011281223539281347,2.0,0.82
221,0.12878787878787878,0.3353535353535354,0.45515524450016737,7.51410516380874e-05,0.00016508884066710952,0.0001502821032761748,2.0,0.82
180,0.06666666666666668,0.35353535353535354,1.0772266764178604,4.206284961521943e-05,3.904735236885564e-05,8.412569923043886e-05,2.0,0.82
564,0.07575757575757576,0.38383838383838387,2.179856079899857,0.001004827436654662,0.0004609604486828434,0.002009654873309324,2.0,0.82
532,0.15303030303030304,0.3414141414141414,0.4325644580337688,3.8194143758490904e-05,8.829699955494082e-05,7.638828751698181e-05,2.0,0.82
140,0.1772727272727273,0.24646464646464647,0.22404649752019745,4.3064751234352143e-05,0.0001922134543989911,8.612950246870429e-05,2.0,0.82
298,0.08333333333333334,0.2909090909090909,1.081453300511785,5.416359350930944e-05,5.008407989848212e-05,0.00010832718701861887,2.0,0.818333
245,0.19393939393939397,0.2646464646464647,0.23299406892228705,6.372088555524428e-05,0.00027348715720526675,0.00012744177111048856,2.0,0.818333
466,0.1893939393939394,0.22424242424242424,0.20394922664352705,4.5485231686252956e-05,0.00022302232979659386,9.097046337250591e-05,2.0,0.818333
44,0.0787878787878788,0.2484848484848485,3.95302684672148,0.0017541911312033245,0.00044375897235764974,0.003508382262406649,2.0,0.818333
156,0.08787878787878789,0.2585858585858586,4.143218259025993,0.001640345794552938,0.00039591102664684585,0.003280691589105876,2.0,0.818333
249,0.14393939393939395,0.3151515151515152,0.35984818018704795,7.259790957042215e-05,0.00020174594055939364,0.0001451958191408443,2.0,0.818333
541,0.17878787878787883,0.4,0.21884374343617666,5.1940904763742294e-05,0.00023734242500238661,0.00010388180952748459,2.0,0.818333
585,0.13787878787878788,0.3898989898989899,0.330144871945706,7.439734011273672e-05,0.00022534755628423554,0.00014879468022547344,2.0,0.818333
239,0.1984848484848485,0.38181818181818183,0.2579659012595327,0.0002491995698483485,0.0009660174799522645,0.000498399139696697,2.0,0.818333
352,0.10151515151515153,0.3212121212121212,3.742142957228956,0.0014066804427792054,0.0003759023796944539,0.002813360885558411,2.0,0.818333
49,0.08636363636363636,0.30505050505050507,0.8157545067851132,0.000577310334142542,0.000707701066118189,0.001154620668285084,2.0,0.818333
84,0.06515151515151515,0.20606060606060608,1.0399227127628663,0.0006963488929337306,0.0006696160054853222,0.0013926977858674612,2.0,0.818333
18,0.14090909090909093,0.32727272727272727,0.5118935666490754,3.585296001943069e-05,7.00398722611988e-05,7.170592003886139e-05,2.0,0.818333
464,0.18333333333333335,0.32323232323232326,0.3446767055774851,5.993108958885379e-05,0.00017387624002162505,0.00011986217917770758,2.0,0.818333
565,0.16363636363636364,0.32525252525252524,0.26932066663172355,8.816266218632396e-06,3.27352012338808e-05,1.7632532437264793e-05,2.0,0.818333
528,0.05454545454545455,0.35353535353535354,4.696337216832114,0.0015804701599580026,0.0003365325118250557,0.0031609403199160052,2.0,0.818333
558,0.15909090909090912,0.3151515151515152,0.4498394496855104,4.467396876273487e-05,9.9310918137498e-05,8.934793752546974e-05,2.0,0.818333
127,0.09696969696969698,0.2585858585858586,3.00526529815421,0.0015473712672693957,0.0005148867450137492,0.0030947425345387914,2.0,0.818333
378,0.0787878787878788,0.23434343434343435,1.4449652416707748,7.06393329528813e-05,4.888652745113988e-05,0.0001412786659057626,2.0,0.818333
591,0.05151515151515152,0.2767676767676768,1.6768062575099827,0.001410612769428179,0.0008412497049736118,0.002821225538856358,2.0,0.818333
388,0.09545454545454546,0.3939393939393939,0.5847934160455194,0.00015185073167075857,0.00025966559729348725,0.00030370146334151714,2.0,0.818333
123,0.0590909090909091,0.23030303030303031,1.4909489234498967,6.005758586303405e-05,4.028145090582124e-05,0.0001201151717260681,2.0,0.818333
79,0.14696969696969697,0.36969696969696975,0.505915120393364,3.55569504313153e-05,7.028244264308353e-05,7.11139008626306e-05,2.0,0.816667
460,0.0590909090909091,0.3171717171717172,4.175794839882888,0.0004998241445479289,0.00011969557023590427,0.0009996482890958578,2.0,0.816667
91,0.07727272727272727,0.27474747474747474,0.8891483699746253,0.0003412387329715814,0.0003837815425352686,0.0006824774659431628,2.0,0.816667
421,0.05303030303030303,0.4,1.1695564379581036,0.00020056512482003656,0.00017148819698705408,0.00040113024964007313,2.0,0.816667
209,0.06363636363636364,0.2686868686868687,2.757198678915834,0.0024684254400583706,0.0008952657125996401,0.004936850880116741,2.0,0.816667
393,0.08787878787878789,0.35757575757575755,0.45694109901435154,3.429537826148613e-05,7.505426483952362e-05,6.859075652297226e-05,2.0,0.816667
203,0.14545454545454548,0.3151515151515152,0.26932066663172355,7.115273571383062e-05,0.0002641933744027406,0.00014230547142766125,2.0,0.816667
211,0.09393939393939395,0.24444444444444446,0.8030762809522738,4.4926702825462064e-05,5.594325706169377e-05,8.985340565092413e-05,2.0,0.816667
33,0.1984848484848485,0.3474747474747475,0.1945870861458009,2.1142193864108508e-05,0.00010865157746525384,4.2284387728217016e-05,2.0,0.816667
439,0.1257575757575758,0.3373737373737374,0.5557682793510101,6.791736727792268e-05,0.00012220446866314887,0.00013583473455584536,2.0,0.816667
289,0.19393939393939397,0.3434343434343434,0.2320834624772539,1.6087369463635443e-05,6.9317172761554e-05,3.217473892727089e-05,2.0,0.816667
430,0.0590909090909091,0.3797979797979798,4.445799616897663,0.001203323273602905,0.0002706652070033241,0.00240664654720581,2.0,0.815
596,0.15606060606060607,0.35757575757575755,0.3125324859459337,0.00023054888930379953,0.000737679760252773,0.00046109777860759907,2.0,0.815
159,0.07575757575757576,0.23030303030303031,0.778307891125598,9.316000684738256e-05,0.0001196955702359043,0.00018632001369476512,2.0,0.815
258,0.08787878787878789,0.21616161616161617,3.54250918481681,0.001817695764074218,0.0005131096827821533,0.003635391528148436,2.0,0.815
22,0.1,0.3292929292929293,1.4851218751254964,0.001284396259213369,0.0008648423275731727,0.002568792518426738,2.0,0.815
59,0.06818181818181819,0.3898989898989899,1.3572088082974536,0.00024598290596091805,0.0001812417547374236,0.0004919658119218361,2.0,0.815
120,0.12424242424242425,0.38383838383838387,0.417584909927336,4.2339994998848534e-05,0.00010139254075588154,8.467998999769707e-05,2.0,0.815
483,0.1954545454545455,0.301010101010101,0.25296413399291956,8.90441713143834e-06,3.520031472796683e-05,1.780883426287668e-05,2.0,0.815
281,0.08787878787878789,0.23030303030303031,4.258361303406935,0.0022154335224461204,0.0005202549442372693,0.004430867044892241,2.0,0.815
314,0.18333333333333335,0.22222222222222224,0.28449790340465375,0.00027769531940637397,0.000976089159474036,0.0005553906388127479,2.0,0.815
309,0.17575757575757578,0.37777777777777777,0.4961058018884257,2.7372599796728165e-05,5.517492376129129e-05,5.474519959345633e-05,2.0,0.815
38,0.14696969696969697,0.22424242424242424,0.40470580232556114,0.0002626949616276587,0.0006491010509810695,0.0005253899232553174,2.0,0.815
164,0.19242424242424244,0.3797979797979798,0.3237436080357255,3.259899456246048e-05,0.00010069386314760271,6.519798912492096e-05,2.0,0.815
100,0.06818181818181819,0.3292929292929293,1.778250527230341,0.0006194909812735769,0.0003483710375941493,0.0012389819625471539,2.0,0.815
201,0.0803030303030303,0.21212121212121213,3.174623348414526,0.00187052051760383,0.0005892102187612296,0.00374104103520766,2.0,0.815
348,0.07121212121212123,0.2828282828282829,4.807987142259103,0.004517896427863282,0.000939664831495469,0.009035792855726563,2.0,0.815
41,0.0590909090909091,0.20202020202020204,2.7897807533661885,0.00012042182616860725,4.3165336925959e-05,0.0002408436523372145,2.0,0.815
151,0.06515151515151515,0.3373737373737374,2.682645998381309,0.001232325766506706,0.00045936950579773974,0.002464651533013412,2.0,0.813333
400,0.06666666666666668,0.24444444444444446,3.113069759081994,0.0014399719019448111,0.00046255690150979496,0.0028799438038896222,2.0,0.813333
153,0.16666666666666669,0.3919191919191919,0.2222986461237492,5.8729829444594015e-05,0.0002641933744027406,0.00011745965888918803,2.0,0.813333
142,0.14696969696969697,0.3111111111111111,0.3756874505545023,1.8176546542641856e-05,4.838209664925957e-05,3.635309308528371e-05,2.0,0.813333
512,0.09090909090909091,0.3919191919191919,0.48458535182359586,3.429415701108164e-05,7.077010661181889e-05,6.858831402216328e-05,2.0,0.813333
53,0.07272727272727274,0.26262626262626265,1.5935810885887116,0.00127725635188575,0.0008015006961565405,0.0025545127037715,2.0,0.811667
455,0.07424242424242425,0.3212121212121212,0.9355843648650676,0.0001823361351889126,0.0001948901050897848,0.0003646722703778252,2.0,0.811667
414,0.09545454545454546,0.2545454545454546,0.841714574590286,0.0007330013713427395,0.0008708431497690724,0.001466002742685479,2.0,0.811667
463,0.12878787878787878,0.2585858585858586,0.4789258404115908,2.624260893962036e-05,5.4794723369002926e-05,5.248521787924072e-05,2.0,0.811667
599,0.05151515151515152,0.3676767676767677,0.7844274359725479,3.517259624576521e-05,4.4838559480211915e-05,7.034519249153042e-05,2.0,0.811667
584,0.16515151515151516,0.33131313131313134,0.3187120764407719,0.00027754822851712316,0.0008708431497690724,0.0005550964570342463,2.0,0.811667
238,0.16212121212121214,0.21616161616161617,0.2833860054682084,0.0001390173771036719,0.0004905583706365045,0.0002780347542073438,2.0,0.811667
186,0.18484848484848487,0.296969696969697,0.25197547890894395,5.918738467993612e-05,0.000234893430647371,0.00011837476935987224,2.0,0.811667
573,0.14545454545454548,0.2606060606060606,0.5302561418396575,0.0005104687859044434,0.000962683400768232,0.0010209375718088869,2.0,0.811667
368,0.08333333333333334,0.24646464646464647,0.7662116500026903,0.0007635671737216157,0.000996548634726364,0.0015271343474432314,2.0,0.811667
563,0.07121212121212123,0.3434343434343434,1.7166703654227413,0.001693093350482157,0.000986265846131282,0.003386186700964314,2.0,0.811667
303,0.07424242424242425,0.2545454545454546,2.9469954356553156,0.0027884023442709227,0.0009461848194722001,0.005576804688541845,2.0,0.811667
213,0.0590909090909091,0.24242424242424243,0.868500779566438,0.0008477341959295494,0.0009760891594740359,0.0016954683918590989,2.0,0.811667
40,0.11666666666666668,0.3797979797979798,0.2924043067534621,2.5818422943273224e-05,8.829699955494083e-05,5.163684588654645e-05,2.0,0.81
502,0.15909090909090912,0.3434343434343434,0.26203842840410513,2.7313855283901998e-05,0.00010423606739764012,5.4627710567803996e-05,2.0,0.81
412,0.16060606060606064,0.21212121212121213,0.2500097454671969,7.326961422450995e-05,0.00029306703259742914,0.0001465392284490199,2.0,0.81
45,0.10757575757575759,0.26262626262626265,0.330144871945706,8.905032048828547e-05,0.0002697310425070914,0.00017810064097657094,2.0,0.81
587,0.08484848484848485,0.26262626262626265,0.6839577916982237,0.00022622928397489456,0.00033076497807442423,0.0004524585679497891,2.0,0.81
475,0.11515151515151516,0.2404040404040404,0.2461241647108791,5.376425033759676e-05,0.00021844360711494284,0.00010752850067519352,2.0,0.81
9,0.14242424242424245,0.2888888888888889,0.215442535869059,3.012847140744807e-05,0.00013984458215697692,6.025694281489614e-05,2.0,0.81
457,0.12878787878787878,0.26262626262626265,0.3224783268318767,6.438739165929051e-05,0.00019966424501097934,0.00012877478331858102,2.0,0.81
458,0.05757575757575758,0.35353535353535354,2.4229582421132294,0.00240626207633083,0.00099310918137498,0.00481252415266166,2.0,0.81
131,0.1090909090909091,0.35757575757575755,0.3984159792046751,0.00038620975112739475,0.0009693631061142512,0.0007724195022547895,2.0,0.81
431,0.1393939393939394,0.27070707070707073,0.22056443022054847,3.628705245920958e-05,0.00016451905877536624,7.257410491841915e-05,2.0,0.81
489,0.14242424242424245,0.30505050505050507,0.2500097454671969,6.402732331388649e-05,0.00025609931002584595,0.00012805464662777298,2.0,0.81
380,0.18181818181818182,0.3878787878787879,0.22669407591865176,1.874379770772378e-05,8.2683226863193e-05,3.748759541544756e-05,2.0,0.808333
137,0.0893939393939394,0.23232323232323232,0.6424192863789349,0.00046900981788724425,0.0007300680845540431,0.0009380196357744885,2.0,0.808333
300,0.17575757575757578,0.3414141414141414,0.22492556999891408,3.429430554743363e-05,0.0001524695727017573,6.858861109486726e-05,2.0,0.808333
583,0.07272727272727274,0.2787878787878788,3.999740134381538,0.0008210017600857923,0.00020526377527092522,0.0016420035201715846,2.0,0.808333
305,0.18787878787878792,0.2767676767676768,0.17166926714725453,3.154690931892459e-05,0.00018376562003881723,6.309381863784917e-05,2.0,0.808333
358,0.1484848484848485,0.29292929292929293,0.30408183102593705,0.0001785497475450726,0.0005871766390733255,0.0003570994950901452,2.0,0.808333
437,0.15151515151515155,0.2606060606060606,0.23853323044733016,9.84383907802908e-06,4.1268208457029516e-05,1.968767815605816e-05,2.0,0.808333
428,0.05757575757575758,0.2787878787878788,4.980458591730571,0.0006751518558708957,0.0001355601785329369,0.0013503037117417913,2.0,0.808333
95,0.1,0.3171717171717172,0.7454938349241833,0.0006861325461773327,0.0009203731996618221,0.0013722650923546655,2.0,0.808333
16,0.13181818181818183,0.3353535353535354,0.3125324859459337,0.00029266220333462383,0.0009364217049271886,0.0005853244066692477,2.0,0.808333
1,0.17878787878787883,0.35555555555555557,0.18420636191533507,4.094034255396875e-05,0.0002222525982722885,8.18806851079375e-05,2.0,0.808333
89,0.07727272727272727,0.26666666666666666,0.5514325705855663,4.404481769100663e-05,7.987344244870308e-05,8.808963538201326e-05,2.0,0.808333
225,0.14090909090909093,0.32323232323232326,0.2970205156036592,0.00027336972231134396,0.000920373199661822,0.0005467394446226879,2.0,0.806667
34,0.15454545454545457,0.26262626262626265,0.20798184008075535,7.500366290810131e-05,0.0003606260184974747,0.00015000732581620262,2.0,0.806667
166,0.15909090909090912,0.38181818181818183,0.2682680856113144,1.8789462447972805e-05,7.00398722611988e-05,3.757892489594561e-05,2.0,0.806667
287,0.17424242424242425,0.301010101010101,0.3125324859459337,1.435678936147226e-05,4.5936950579773975e-05,2.871357872294452e-05,2.0,0.806667
86,0.16666666666666669,0.37373737373737376,0.26101430842176016,0.0001778269782383939,0.0006812920690579615,0.0003556539564767878,2.0,0.806667
272,0.16515151515151516,0.25656565656565655,0.23299406892228705,1.8674490844155825e-05,8.015006961565414e-05,3.734898168831165e-05,2.0,0.806667
318,0.0696969696969697,0.21212121212121213,0.5261194606228214,7.938949600469365e-05,0.00015089633048492862,0.0001587789920093873,2.0,0.806667
495,0.0803030303030303,0.3414141414141414,0.4903117422108407,9.489844165195405e-05,0.00019354715272380002,0.0001897968833039081,2.0,0.806667
555,0.16363636363636364,0.3717171717171717,0.17852508967670955,3.564507724581759e-05,0.00019966424501097934,7.129015449163519e-05,2.0,0.806667
427,0.12121212121212123,0.2767676767676768,0.41595287048492746,2.4593248464996563e-05,5.912508413831881e-05,4.9186496929993126e-05,2.0,0.806667
24,0.11666666666666668,0.2828282828282829,0.2856141640019125,1.0515884488659887e-05,3.68184978689974e-05,2.1031768977319774e-05,2.0,0.806667
426,0.0787878787878788,0.37777777777777777,0.5712134834542274,8.413304714427552e-05,0.00014728827239075018,0.00016826609428855104,2.0,0.806667
261,0.17878787878787883,0.26666666666666666,0.17644008075402481,4.365064257430279e-05,0.0002473964100886814,8.730128514860558e-05,2.0,0.806667
99,0.05757575757575758,0.3151515151515152,1.240312852549249,0.0005353852217388564,0.00043165336925959,0.0010707704434777129,2.0,0.806667
392,0.09545454545454546,0.3898989898989899,0.4770540633359384,2.1914408931343368e-05,4.5936950579773975e-05,4.3828817862686736e-05,2.0,0.806667
577,0.0696969696969697,0.33131313131313134,0.6974814388661538,0.0001539488675764323,0.0002207210959286545,0.0003078977351528646,2.0,0.806667
163,0.0590909090909091,0.35555555555555557,0.5667572821934354,3.052307896728556e-05,5.385564495820272e-05,6.104615793457113e-05,2.0,0.806667
517,0.05303030303030303,0.3393939393939394,1.2162641073625777,0.00034196120565421593,0.00028115703126004905,0.0006839224113084319,2.0,0.806667
524,0.1196969696969697,0.3717171717171717,0.2579659012595327,2.5796590125953273e-05,0.0001,5.1593180251906546e-05,2.0,0.805
395,0.05303030303030303,0.397979797979798,4.062884333630245,0.0010369107225205235,0.0002552154177606206,0.002073821445041047,2.0,0.805
383,0.17424242424242425,0.36363636363636365,0.18420636191533507,3.281371305789316e-05,0.00017813561223783899,6.562742611578632e-05,2.0,0.805
575,0.05606060606060606,0.3090909090909091,3.0646873093244458,0.0027532118075007965,0.000898366302860337,0.005506423615001593,2.0,0.805
513,0.18333333333333335,0.32525252525252524,0.20235815985810993,4.5130388264907255e-05,0.00022302232979659386,9.026077652981451e-05,2.0,0.805
222,0.14696969696969697,0.3939393939393939,0.19231448787074643,2.952556309006525e-05,0.00015352750287804228,5.90511261801305e-05,2.0,0.805
263,0.09242424242424244,0.36363636363636365,0.4225195498314677,0.0003529951434282297,0.0008354528058382871,0.0007059902868564594,2.0,0.805
320,0.0893939393939394,0.3858585858585859,0.46053385655891266,0.00018296190030498143,0.0003972821926102549,0.00036592380060996286,2.0,0.805
507,0.09545454545454546,0.39595959595959596,0.41432720951232993,0.0001102220235607737,0.00026602651486612927,0.0002204440471215474,2.0,0.803333
39,0.0984848484848485,0.37575757575757573,0.2833860054682084,5.01332832068592e-05,0.00017690811204325115,0.0001002665664137184,2.0,0.803333
144,0.19696969696969702,0.397979797979798,0.16702745292868043,0.00012026665050358626,0.0007200412171461376,0.00024053330100717253,2.0,0.803333
65,0.16363636363636364,0.35757575757575755,0.16768280455740434,4.491759107253825e-05,0.0002678723748156372,8.98351821450765e-05,2.0,0.803333
187,0.05151515151515152,0.38181818181818183,2.8007267824676543,0.002206313085817361,0.000787764483000884,0.004412626171634722,2.0,0.803333
436,0.16212121212121214,0.30707070707070705,0.2549530966904463,0.00022904127087659026,0.000898366302860337,0.0004580825417531805,2.0,0.803333
336,0.05151515151515152,0.3191919191919192,1.5998336892456595,0.00019415962386613967,0.00012136237983442405,0.00038831924773227933,2.0,0.803333
574,0.12121212121212123,0.21010101010101012,0.3199625803233797,0.00029550487910220513,0.0009235607451457115,0.0005910097582044103,2.0,0.803333
449,0.09696969696969698,0.3919191919191919,0.3005304347932646,2.3921552433631484e-05,7.959777002314978e-05,4.784310486726297e-05,2.0,0.803333
448,0.08333333333333334,0.37373737373737376,0.2981859101256505,2.482604502778991e-05,8.325693530364542e-05,4.965209005557982e-05,2.0,0.803333
215,0.07424242424242425,0.37575757575757573,0.36984862244987465,4.678709788410649e-05,0.00012650337203959038,9.357419576821298e-05,2.0,0.803333
396,0.15303030303030304,0.20606060606060608,0.3831157810573295,1.4805297159796308e-05,3.864444612262224e-05,2.9610594319592617e-05,2.0,0.803333
588,0.1303030303030303,0.3353535353535354,0.21043958092099743,4.289796964384685e-05,0.00020384933982524643,8.57959392876937e-05,2.0,0.803333
214,0.05303030303030303,0.21414141414141416,0.87190844333941,3.0269930500522046e-05,3.4716868189265594e-05,6.053986100104409e-05,2.0,0.801667
319,0.16363636363636364,0.35353535353535354,0.17644008075402481,1.871211049865502e-05,0.00010605362692358761,3.742422099731004e-05,2.0,0.801667
47,0.08484848484848485,0.22424242424242424,0.6628632411411006,0.00013748038917296373,0.00020740385141329465,0.00027496077834592746,2.0,0.801667
377,0.14090909090909093,0.2868686868686869,0.5159183949640548,0.0003832232800226008,0.0007427982482564919,0.0007664465600452016,2.0,0.801667
191,0.15606060606060607,0.2545454545454546,0.20635931371393165,2.021226883000831e-05,9.794696670695385e-05,4.042453766001662e-05,2.0,0.801667
224,0.08484848484848485,0.3595959595959596,0.5825078786662752,1.9671176371565046e-05,3.376980310825095e-05,3.934235274313009e-05,2.0,0.801667
26,0.06818181818181819,0.3656565656565657,4.498336046432756,0.0006834922236394958,0.00015194334451324834,0.0013669844472789915,2.0,0.801667
132,0.1984848484848485,0.3090909090909091,0.17782736334396776,0.00014805361285146572,0.0008325693530364543,0.00029610722570293143,2.0,0.8
398,0.14393939393939395,0.2484848484848485,0.25197547890894395,0.00018523568072036653,0.0007351337579451726,0.00037047136144073307,2.0,0.8
394,0.09393939393939395,0.296969696969697,0.24903263696569483,6.139714252371009e-05,0.0002465425547100791,0.00012279428504742017,2.0,0.8
597,0.06060606060606061,0.21414141414141416,0.7692179704845746,4.114126583182223e-05,5.348453547686228e-05,8.228253166364446e-05,2.0,0.8
35,0.19696969696969702,0.2202020202020202,0.1938265850069341,1.2978938360920431e-05,6.696160054853215e-05,2.5957876721840863e-05,2.0,0.798333
80,0.12121212121212123,0.26666666666666666,0.417584909927336,2.8253686808573913e-05,6.765974089794179e-05,5.6507373617147826e-05,2.0,0.798333
257,0.09393939393939395,0.2404040404040404,0.3786413409471331,1.2182475229597465e-05,3.2174181506763714e-05,2.436495045919493e-05,2.0,0.798333
582,0.06363636363636364,0.3393939393939394,0.7484188666501344,0.0003510070974748908,0.00046899819488246166,0.0007020141949497816,2.0,0.798333
447,0.10454545454545455,0.38383838383838387,0.26932066663172355,2.056612938327205e-05,7.636298261282242e-05,4.11322587665441e-05,2.0,0.798333
386,0.1272727272727273,0.30707070707070705,0.2096171237676324,4.500477444127879e-05,0.0002146998948958392,9.000954888255758e-05,2.0,0.798333
93,0.0590909090909091,0.3171717171717172,0.5098929424137983,3.5100785762270984e-05,6.883952069645496e-05,7.020157152454197e-05,2.0,0.798333
48,0.07272727272727274,0.30303030303030304,0.4696398240039576,0.00017776366461334157,0.0003785106277781153,0.00035552732922668315,2.0,0.796667
264,0.05454545454545455,0.3414141414141414,0.7968112510827917,0.0007011321827972528,0.0008799225435691075,0.0014022643655945057,2.0,0.796667
212,0.1893939393939394,0.3212121212121212,0.15936017952426187,1.0745054909140788e-05,6.742622241778349e-05,2.1490109818281577e-05,2.0,0.796667
128,0.1090909090909091,0.3474747474747475,0.31746645987954647,0.00015573582929024956,0.0004905583706365045,0.0003114716585804991,2.0,0.796667
69,0.15000000000000002,0.32525252525252524,0.15384159511193116,7.417489794120085e-06,4.8215112361018566e-05,1.483497958824017e-05,2.0,0.796667
150,0.19393939393939397,0.2545454545454546,0.13309108306804465,3.408453454431878e-05,0.00025609931002584595,6.816906908863757e-05,2.0,0.796667
101,0.06666666666666668,0.3595959595959596,0.49416688068451864,1.8447847823973202e-05,3.73312104575266e-05,3.6895695647946404e-05,2.0,0.796667
60,0.12424242424242425,0.30303030303030304,0.2222986461237492,1.0534465213836749e-05,4.738879609717651e-05,2.1068930427673497e-05,2.0,0.795
451,0.1954545454545455,0.28080808080808084,0.15998544771445306,1.4273514858001609e-05,8.921758236084958e-05,2.8547029716003217e-05,2.0,0.795
237,0.0803030303030303,0.2,0.42751250283649106,2.2473439294627404e-05,5.2567911220184194e-05,4.494687858925481e-05,2.0,0.795
17,0.1575757575757576,0.3494949494949495,0.1703300256432291,5.954355432242706e-05,0.0003495775574363275,0.00011908710864485412,2.0,0.795
171,0.13181818181818183,0.2585858585858586,0.30888239383279614,1.652043135112833e-05,5.348453547686227e-05,3.304086270225666e-05,2.0,0.795
345,0.0984848484848485,0.2727272727272727,0.28449790340465375,7.700368391703231e-05,0.0002706652070033241,0.00015400736783406462,2.0,0.793333
277,0.10454545454545455,0.397979797979798,0.23482601444166418,7.124070180645205e-05,0.0003033765316668089,0.0001424814036129041,2.0,0.793333
546,0.14393939393939395,0.3474747474747475,0.18565470787930077,0.00013982436108302476,0.0007531420165974376,0.0002796487221660495,2.0,0.793333
374,0.18333333333333335,0.36363636363636365,0.1743794228187309,1.6216745620413002e-05,9.299689928020044e-05,3.2433491240826004e-05,2.0,0.793333
453,0.0893939393939394,0.2282828282828283,0.3199625803233797,0.00018787455254351106,0.0005871766390733255,0.00037574910508702213,2.0,0.793333
304,0.09090909090909091,0.30505050505050507,0.3669633265921912,0.0002308986867786726,0.0006292146109610344,0.0004617973735573452,2.0,0.793333
586,0.09696969696969698,0.2181818181818182,0.332740678017954,1.1793845841615067e-05,3.5444556739704355e-05,2.3587691683230135e-05,2.0,0.793333
410,0.05151515151515152,0.28080808080808084,0.8822118668946352,0.0002979212104479429,0.0003376980310825091,0.0005958424208958858,2.0,0.793333
472,0.14090909090909093,0.35555555555555557,0.19921316656851135,0.00011260827119098246,0.0005652652037547698,0.00022521654238196492,2.0,0.793333
409,0.08333333333333334,0.32525252525252524,0.39376284684615753,0.000137175571521822,0.0003483710375941493,0.000274351143043644,2.0,0.793333
424,0.16060606060606064,0.25656565656565655,0.22492556999891408,1.2282197226436724e-05,5.46056067635886e-05,2.4564394452873448e-05,2.0,0.793333
119,0.12121212121212123,0.2080808080808081,0.22758353647899918,1.2909059290855033e-05,5.67222897164455e-05,2.5818118581710067e-05,2.0,0.791667
371,0.15454545454545457,0.296969696969697,0.2015672871744223,8.522091188590091e-06,4.2279138187813514e-05,1.7044182377180183e-05,2.0,0.791667
551,0.1984848484848485,0.34545454545454546,0.165724423557198,1.0073265966314439e-05,6.0783231282972365e-05,2.0146531932628878e-05,2.0,0.791667
535,0.15606060606060607,0.25656565656565655,0.15505119423246985,0.00014569615430162503,0.0009396648314954692,0.00029139230860325007,2.0,0.791667
295,0.1484848484848485,0.21414141414141416,0.2129263651144258,0.00021072930546024035,0.0009896815988334523,0.0004214586109204807,2.0,0.791667
523,0.1196969696969697,0.2888888888888889,0.23482601444166418,2.1169039930230004e-05,9.014776314524917e-05,4.233807986046001e-05,2.0,0.791667
328,0.14242424242424245,0.3676767676767677,0.18492911699053857,1.8945924682760265e-05,0.00010244965742052176,3.789184936552053e-05,2.0,0.791667
536,0.14696969696969697,0.3797979797979798,0.15204486671331058,6.540416354905584e-05,0.00043016357581067953,0.00013080832709811167,2.0,0.79
7,0.19393939393939397,0.35151515151515156,0.11604474690139514,4.991822328114941e-05,0.00043016357581067953,9.983644656229881e-05,2.0,0.79
520,0.15606060606060607,0.3151515151515152,0.1508587208215021,2.07352157717232e-05,0.00013744790926775366,4.14704315434464e-05,2.0,0.79
141,0.05606060606060606,0.30505050505050507,0.39069098922130246,1.3516754749412957e-05,3.45970475959878e-05,2.7033509498825915e-05,2.0,0.79
126,0.0696969696969697,0.3878787878787879,0.22492556999891408,0.0001885655070030447,0.0008383462449554094,0.0003771310140060894,2.0,0.79
312,0.14545454545454548,0.29898989898989903,0.15026912245058677,7.195316970534954e-06,4.7882870766753834e-05,1.4390633941069907e-05,2.0,0.79
413,0.05303030303030303,0.33131313131313134,0.4751896016922907,0.0003149113037839924,0.0006627066389131835,0.0006298226075679848,2.0,0.79
581,0.05606060606060606,0.2585858585858586,0.3756874505545023,3.0425315931066618e-05,8.098571268792677e-05,6.0850631862133235e-05,2.0,0.79
74,0.14696969696969697,0.35555555555555557,0.16378891464666176,8.729939455745856e-06,5.329994080844094e-05,1.7459878911491713e-05,2.0,0.79
161,0.1303030303030303,0.37777777777777777,0.1433711279839965,5.715606253188793e-05,0.00039865810735804387,0.00011431212506377586,2.0,0.788333
557,0.062121212121212126,0.22424242424242424,0.41432720951232993,0.00010429040546471125,0.0002517102499434271,0.0002085808109294225,2.0,0.788333
322,0.0696969696969697,0.3474747474747475,0.27572345053693514,3.323187043114079e-05,0.00012052609368708426,6.646374086228157e-05,2.0,0.788333
170,0.1803030303030303,0.2181818181818182,0.11513944833539635,3.226053696201084e-05,0.00028018665564591953,6.452107392402168e-05,2.0,0.788333
491,0.16363636363636364,0.32323232323232326,0.165724423557198,1.3467792824040951e-05,8.126619200091945e-05,2.6935585648081902e-05,2.0,0.788333
440,0.15000000000000002,0.38383838383838387,0.14968182839616756,3.913690670008673e-05,0.0002614673211801092,7.827381340017346e-05,2.0,0.788333
338,0.05757575757575758,0.4,0.30888239383279614,3.0149675617258213e-05,9.76089159474036e-05,6.0299351234516426e-05,2.0,0.788333
390,0.08636363636363636,0.35151515151515156,0.1953505711992952,0.0001695325614842044,0.0008678375519631757,0.0003390651229684088,2.0,0.788333
367,0.08787878787878789,0.36969696969696975,0.28673480437739113,0.00024542163441059703,0.0008559185374914618,0.0004908432688211941,2.0,0.788333
236,0.17121212121212123,0.3474747474747475,0.1433711279839965,1.7642161451637156e-05,0.00012305240043592616,3.528432290327431e-05,2.0,0.788333
94,0.17424242424242425,0.2606060606060606,0.13786530798364788,1.1011776742904623e-05,7.987344244870308e-05,2.2023553485809247e-05,2.0,0.788333
280,0.15606060606060607,0.35353535353535354,0.13625516793109202,0.00010733698192143533,0.000787764483000884,0.00021467396384287066,2.0,0.788333
233,0.06666666666666668,0.36969696969696975,0.2661752488419471,0.00017700702040534378,0.0006650018030431119,0.00035401404081068755,2.0,0.788333
46,0.07424242424242425,0.24242424242424243,0.307675194439771,7.353106600053017e-05,0.00023898925662310503,0.00014706213200106033,2.0,0.786667
190,0.1181818181818182,0.3656565656565657,0.16768280455740434,1.2032181791598486e-05,7.175560918936922e-05,2.406436358319697e-05,2.0,0.786667
210,0.1272727272727273,0.3090909090909091,0.17369789891971318,4.62082466891805e-05,0.00026602651486612927,9.2416493378361e-05,2.0,0.786667
411,0.0984848484848485,0.3353535353535354,0.22142984040342012,2.2685411292011195e-05,0.00010244965742052174,4.537082258402239e-05,2.0,0.786667
321,0.1272727272727273,0.2505050505050505,0.16314878143643835,0.00010700415731837216,0.0006558685659571429,0.00021400831463674433,2.0,0.786667
185,0.19090909090909092,0.36969696969696975,0.1019772634118769,2.0220907879531407e-05,0.00019828839491270713,4.044181575906281e-05,2.0,0.786667
418,0.05757575757575758,0.2484848484848485,0.39685885734253457,2.9376864965453125e-05,7.402345801771417e-05,5.875372993090625e-05,2.0,0.786667
484,0.08484848484848485,0.36363636363636365,0.21970240230441765,0.0001135136318011056,0.0005166699617777604,0.0002270272636022112,2.0,0.786667
279,0.17878787878787883,0.37777777777777777,0.12500812132819045,4.492558945157973e-06,3.5938136638046256e-05,8.985117890315946e-06,2.0,0.786667
235,0.09090909090909091,0.35555555555555557,0.23027291239736772,9.905501940919116e-06,4.3016357581067996e-05,1.981100388183823e-05,2.0,0.786667
62,0.05,0.2767676767676768,0.33667270570487623,0.0002871698492428527,0.0008529644499741026,0.0005743396984857054,2.0,0.785
149,0.13484848484848488,0.2828282828282829,0.13894929151338492,2.032457635171427e-05,0.000146273335620113,4.064915270342854e-05,2.0,0.785
572,0.07121212121212123,0.3393939393939394,0.30170960089122895,6.500136304757384e-05,0.00021544346900318845,0.00013000272609514768,2.0,0.785
307,0.07272727272727274,0.2606060606060606,0.2461241647108791,2.4023912905889118e-05,9.76089159474036e-05,4.8047825811778236e-05,2.0,0.785
539,0.05303030303030303,0.35757575757575755,0.7572630023374592,0.0003372060730523314,0.0004452958509942655,0.0006744121461046628,2.0,0.785
234,0.19393939393939397,0.3151515151515152,0.108146735268608,3.639489246562399e-05,0.0003365325118250557,7.278978493124798e-05,2.0,0.785
158,0.05303030303030303,0.22626262626262628,0.6866413796049327,0.00036345755089286597,0.0005293266058360561,0.0007269151017857319,2.0,0.785
198,0.16969696969696973,0.2646464646464647,0.14735551575223535,5.2410396813424385e-05,0.0003556731252703673,0.00010482079362684877,2.0,0.785
497,0.10151515151515153,0.3616161616161616,0.18420636191533507,0.00011751936336815711,0.0006379766808606282,0.00023503872673631422,2.0,0.785
168,0.05151515151515152,0.31313131313131315,0.41432720951232993,0.00022391139091917933,0.0005404216420705915,0.00044782278183835866,2.0,0.785
381,0.0787878787878788,0.25252525252525254,0.26101430842176016,3.156798764683342e-05,0.0001209435139311377,6.313597529366684e-05,2.0,0.783333
306,0.07575757575757576,0.29292929292929293,0.24040872832915072,3.690935173046017e-05,0.00015352750287804228,7.381870346092034e-05,2.0,0.783333
560,0.19696969696969702,0.29292929292929293,0.10440165359714235,5.6032126793216587e-05,0.0005366976945540476,0.00011206425358643317,2.0,0.783333
43,0.17121212121212123,0.37575757575757573,0.11559121134605055,3.890020069918727e-05,0.0003365325118250557,7.780040139837453e-05,2.0,0.783333
143,0.17121212121212123,0.397979797979798,0.10942471534564407,4.113301089581583e-05,0.0003759023796944539,8.226602179163167e-05,2.0,0.783333
540,0.11060606060606062,0.3212121212121212,0.2162878497040157,0.0002162878497040157,0.001,0.0004325756994080314,2.0,0.783333
384,0.11666666666666668,0.37575757575757573,0.13102261909580903,8.38788722753735e-06,6.401861972705483e-05,1.67757744550747e-05,2.0,0.781667
146,0.05151515151515152,0.20404040404040405,0.5139020405661144,0.00012980240659589334,0.0002525820026962785,0.00025960481319178667,2.0,0.781667
339,0.05,0.35555555555555557,0.4516044470607712,0.0002517702760787746,0.0005575017644697696,0.0005035405521575492,2.0,0.781667
538,0.1803030303030303,0.2,0.13309108306804465,7.734161269170354e-05,0.0005811179149557418,0.00015468322538340708,2.0,0.781667
56,0.1196969696969697,0.22222222222222224,0.14677960889342193,2.0455489201695408e-05,0.0001393619274224142,4.0910978403390817e-05,2.0,0.78
125,0.15454545454545457,0.3434343434343434,0.1052225248854438,1.604323340788364e-05,0.0001524695727017573,3.208646681576728e-05,2.0,0.78
526,0.15000000000000002,0.2767676767676768,0.11379472543080606,2.4263361068868253e-05,0.00021322043686130087,4.8526722137736506e-05,2.0,0.78
419,0.17575757575757578,0.3494949494949495,0.10237738305986264,7.023286103651216e-05,0.0006860193036526948,0.00014046572207302433,2.0,0.778333
75,0.05303030303030303,0.22222222222222224,0.2549530966904463,0.00016663859937688033,0.0006536049239645289,0.00033327719875376067,2.0,0.776667
57,0.1,0.3595959595959596,0.13102261909580903,7.080745896014676e-06,5.404216420705915e-05,1.4161491792029352e-05,2.0,0.776667
315,0.08787878787878789,0.21010101010101012,0.17992876591466017,4.359984904651503e-05,0.00024231727942376007,8.719969809303005e-05,2.0,0.776667
533,0.07575757575757576,0.3373737373737374,0.2112652650806153,8.220877731374713e-06,3.89125856928623e-05,1.6441755462749426e-05,2.0,0.776667
133,0.19090909090909092,0.21212121212121213,0.1052225248854438,4.8839969655281854e-05,0.00046415888336127773,9.767993931056371e-05,2.0,0.775
556,0.0984848484848485,0.3494949494949495,0.12747986117308746,0.00011295072666829525,0.0008860280018263819,0.0002259014533365905,2.0,0.775
104,0.06818181818181819,0.3656565656565657,0.20077950544393497,9.74777657514561e-06,4.854965925726691e-05,1.949555315029122e-05,2.0,0.775
432,0.10151515151515153,0.38181818181818183,0.12648535397999763,1.5726599792875165e-05,0.00012433534237775993,3.145319958575033e-05,2.0,0.775
332,0.11363636363636365,0.3373737373737374,0.13102261909580903,1.152897562598706e-05,8.799225435691074e-05,2.305795125197412e-05,2.0,0.773333
503,0.09242424242424244,0.2868686868686869,0.11468945094182854,9.61494705330796e-05,0.0008383462449554094,0.0001922989410661592,2.0,0.773333
401,0.17878787878787883,0.22424242424242424,0.1703300256432291,6.908747491625862e-06,4.0560949048976415e-05,1.3817494983251723e-05,2.0,0.773333
433,0.1090909090909091,0.28484848484848485,0.12258430668343592,8.265396727367134e-06,6.742622241778349e-05,1.6530793454734268e-05,2.0,0.773333
23,0.07575757575757576,0.3434343434343434,0.18638314570826597,9.934210633941597e-06,5.3299940808440924e-05,1.9868421267883194e-05,2.0,0.771667
92,0.07727272727272727,0.2787878787878788,0.15444521049463794,3.3854412826865315e-05,0.00021920014688989452,6.770882565373063e-05,2.0,0.771667
207,0.0590909090909091,0.35353535353535354,0.21884374343617666,6.525422100221663e-05,0.00029817722900196735,0.00013050844200443326,2.0,0.771667
530,0.11515151515151516,0.2686868686868687,0.10277907262380163,2.9502760428534475e-05,0.0002870502688472615,5.900552085706895e-05,2.0,0.771667
266,0.1,0.29494949494949496,0.13257092562979403,7.919988753347952e-06,5.974152111952978e-05,1.5839977506695903e-05,2.0,0.771667
337,0.06515151515151515,0.37575757575757573,0.21460052575865537,1.756077564971802e-05,8.183006815867388e-05,3.512155129943604e-05,2.0,0.771667
408,0.06363636363636364,0.3656565656565657,0.13466383283408853,0.00011289491858776108,0.0008383462449554094,0.00022578983717552216,2.0,0.77
402,0.1090909090909091,0.3717171717171717,0.10899705273817697,5.3840421172415106e-05,0.0004939621743878321,0.00010768084234483021,2.0,0.77
445,0.05454545454545455,0.33131313131313134,0.25695769786031203,1.2134888964654131e-05,4.722524005196735e-05,2.4269777929308262e-05,2.0,0.77
422,0.08787878787878789,0.3414141414141414,0.15749899913314463,2.7102760916455254e-05,0.000172082115223751,5.420552183291051e-05,2.0,0.77
254,0.09242424242424244,0.2363636363636364,0.17575050322340366,0.00010391263290435602,0.0005912508413831875,0.00020782526580871203,2.0,0.768333
504,0.08484848484848485,0.3676767676767677,0.14620595284081925,5.327538747387288e-06,3.643858983763548e-05,1.0655077494774577e-05,2.0,0.768333
231,0.0803030303030303,0.32323232323232326,0.17644008075402481,2.458902972844731e-05,0.0001393619274224142,4.917805945689462e-05,2.0,0.768333
326,0.05303030303030303,0.2828282828282829,0.23667236386583365,4.6929383151152343e-05,0.00019828839491270713,9.385876630230469e-05,2.0,0.768333
559,0.07424242424242425,0.33333333333333337,0.16900123194873834,1.259685826363923e-05,7.453707951348025e-05,2.519371652727846e-05,2.0,0.768333
160,0.10606060606060608,0.2505050505050505,0.11695716349258381,8.363367510462309e-05,0.0007150795437162449,0.00016726735020924617,2.0,0.768333
515,0.08181818181818182,0.22222222222222224,0.14114289446107847,2.3220696149567484e-05,0.00016451905877536624,4.644139229913497e-05,2.0,0.768333
456,0.10757575757575759,0.2686868686868687,0.10772406736723007,6.778155713961193e-05,0.0006292146109610344,0.00013556311427922386,2.0,0.766667
256,0.08787878787878789,0.38383838383838387,0.10399362252975325,7.158871130436273e-06,6.883952069645496e-05,1.4317742260872546e-05,2.0,0.766667
247,0.05454545454545455,0.3111111111111111,0.17166926714725453,3.068631970389909e-05,0.00017875255259042357,6.137263940779817e-05,2.0,0.766667
600,0.09090909090909091,0.24242424242424243,0.1999948025863321,8.196554333561403e-06,4.098383671757261e-05,1.6393108667122806e-05,2.0,0.766667
567,0.06363636363636364,0.24646464646464647,0.215442535869059,0.00010280402794003108,0.0004771760948938746,0.00020560805588006216,2.0,0.766667
365,0.06060606060606061,0.24242424242424243,0.1336132814044733,4.835130370180933e-05,0.00036187498124112805,9.670260740361866e-05,2.0,0.765
196,0.062121212121212126,0.2080808080808081,0.2320834624772539,1.1424478569054647e-05,4.922573304926602e-05,2.2848957138109295e-05,2.0,0.763333
286,0.05757575757575758,0.26666666666666666,0.23760097539893063,2.0477816858810188e-05,8.618574407966152e-05,4.0955633717620375e-05,2.0,0.763333
477,0.05151515151515152,0.26666666666666666,0.10440165359714235,3.2900755890571354e-05,0.00031513634848664794,6.580151178114271e-05,2.0,0.761667
30,0.08333333333333334,0.30707070707070705,0.10118170934505044,5.300553608844825e-05,0.0005238648015689127,0.0001060110721768965,2.0,0.761667
461,0.05,0.2202020202020202,0.12747986117308746,4.7425525567756525e-05,0.0003720236681413066,9.485105113551305e-05,2.0,0.761667
486,0.14393939393939395,0.25252525252525254,0.10857106155663275,3.9698778789507965e-06,3.6564788278136455e-05,7.939755757901593e-06,2.0,0.761667
364,0.09242424242424244,0.2686868686868687,0.12210521268657075,5.989973418174799e-06,4.9055837063650453e-05,1.1979946836349598e-05,2.0,0.761667
121,0.07272727272727274,0.2606060606060606,0.1,5.184593543892914e-06,5.184593543892913e-05,1.0369187087785827e-05,2.0,0.76
476,0.0893939393939394,0.27070707070707073,0.14449840172419595,5.840763884665884e-06,4.04209583979631e-05,1.1681527769331768e-05,2.0,0.76
20,0.06818181818181819,0.2868686868686869,0.12162799112398395,6.482764727557923e-06,5.329994080844093e-05,1.2965529455115847e-05,2.0,0.758333
189,0.1803030303030303,0.34545454545454546,0.1433711279839965,4.549495120841983e-06,3.173229634734973e-05,9.098990241683967e-06,2.0,0.758333
195,0.18484848484848487,0.20606060606060608,0.10118170934505044,5.879850396625367e-06,5.811179149557424e-05,1.1759700793250735e-05,2.0,0.758333
251,0.1090909090909091,0.21212121212121213,0.17234283147368193,6.5913717513847645e-06,3.824569722466999e-05,1.3182743502769529e-05,2.0,0.756667
435,0.05757575757575758,0.30303030303030304,0.11650006195621522,4.6604543509622424e-06,4.0003878733676586e-05,9.320908701924485e-06,2.0,0.756667
317,0.0590909090909091,0.3393939393939394,0.10688368082397721,1.0541572390548589e-05,9.862658461312831e-05,2.1083144781097177e-05,2.0,0.756667
442,0.14242424242424245,0.3616161616161616,0.11202615999157432,3.5548473075082503e-06,3.173229634734973e-05,7.1096946150165006e-06,2.0,0.756667
501,0.13636363636363638,0.30303030303030304,0.12067913605824437,4.844353156817539e-06,4.014242490499326e-05,9.688706313635078e-06,2.0,0.755
389,0.0787878787878788,0.24444444444444446,0.2171364802260727,7.0834740490481795e-06,3.2622220097116734e-05,1.4166948098096359e-05,2.0,0.755
568,0.16363636363636364,0.2080808080808081,0.12210521268657075,7.022535837638569e-06,5.751217071841614e-05,1.4045071675277138e-05,2.0,0.755
333,0.06060606060606061,0.22222222222222224,0.1019772634118769,1.0268484606162567e-05,0.00010069386314760271,2.0536969212325134e-05,2.0,0.755
167,0.05454545454545455,0.2404040404040404,0.12798004322809936,1.2363095884339043e-05,9.660174799522646e-05,2.4726191768678086e-05,2.0,0.753333
42,0.05151515151515152,0.2545454545454546,0.1015787075441708,5.069917366268832e-06,4.9911221444358446e-05,1.0139834732537664e-05,2.0,0.751667
343,0.0787878787878788,0.27070707070707073,0.1019772634118769,8.005680398316575e-06,7.850456200204509e-05,1.601136079663315e-05,2.0,0.751667
118,0.1196969696969697,0.22626262626262628,0.1450653580014875,7.894042311660094e-06,5.4417142868658884e-05,1.5788084623320187e-05,2.0,0.751667
