run_id,ga,gsom,l1,l2,l2_mul,ip1,ip1_mul,l_pi,learning_lag,test accuracy
552,0.28,0.34,6.1,0.000732,0.00012,0.001464,2.0,0,27.966101694915253,0.755
533,0.28,0.34,6.1,0.000732,0.00012,0.001464,2.0,0,26.94915254237288,0.753333
583,0.28,0.34,6.1,0.000732,0.00012,0.001464,2.0,0,29.491525423728813,0.745
543,0.28,0.34,6.1,0.000732,0.00012,0.001464,2.0,0,27.457627118644066,0.741667
589,0.28,0.34,6.1,0.000732,0.00012,0.001464,2.0,0,29.491525423728813,0.736667
563,0.28,0.34,6.1,0.000732,0.00012,0.001464,2.0,0,28.47457627118644,0.736667
593,0.28,0.34,6.1,0.000732,0.00012,0.001464,2.0,0,30.0,0.735
523,0.28,0.34,6.1,0.000732,0.00012,0.001464,2.0,0,26.440677966101696,0.735
569,0.28,0.34,6.1,0.000732,0.00012,0.001464,2.0,0,28.47457627118644,0.733333
572,0.28,0.34,6.1,0.000732,0.00012,0.001464,2.0,0,28.983050847457626,0.731667
579,0.28,0.34,6.1,0.000732,0.00012,0.001464,2.0,0,28.983050847457626,0.73
540,0.28,0.34,6.1,0.000732,0.00012,0.001464,2.0,0,27.457627118644066,0.728333
577,0.28,0.34,6.1,0.000732,0.00012,0.001464,2.0,0,28.983050847457626,0.725
567,0.28,0.34,6.1,0.000732,0.00012,0.001464,2.0,0,28.47457627118644,0.725
559,0.28,0.34,6.1,0.000732,0.00012,0.001464,2.0,0,27.966101694915253,0.723333
557,0.28,0.34,6.1,0.000732,0.00012,0.001464,2.0,0,27.966101694915253,0.723333
570,0.28,0.34,6.1,0.000732,0.00012,0.001464,2.0,0,28.983050847457626,0.723333
562,0.28,0.34,6.1,0.000732,0.00012,0.001464,2.0,0,28.47457627118644,0.721667
573,0.28,0.34,6.1,0.000732,0.00012,0.001464,2.0,0,28.983050847457626,0.721667
549,0.28,0.34,6.1,0.000732,0.00012,0.001464,2.0,0,27.457627118644066,0.718333
599,0.28,0.34,6.1,0.000732,0.00012,0.001464,2.0,0,30.0,0.718333
587,0.28,0.34,6.1,0.000732,0.00012,0.001464,2.0,0,29.491525423728813,0.718333
530,0.28,0.34,6.1,0.000732,0.00012,0.001464,2.0,0,26.94915254237288,0.715
553,0.28,0.34,6.1,0.000732,0.00012,0.001464,2.0,0,27.966101694915253,0.713333
571,0.28,0.34,6.1,0.000732,0.00012,0.001464,2.0,0,28.983050847457626,0.713333
598,0.28,0.34,6.1,0.000732,0.00012,0.001464,2.0,0,30.0,0.713333
588,0.28,0.34,6.1,0.000732,0.00012,0.001464,2.0,0,29.491525423728813,0.711667
578,0.28,0.34,6.1,0.000732,0.00012,0.001464,2.0,0,28.983050847457626,0.708333
591,0.28,0.34,6.1,0.000732,0.00012,0.001464,2.0,0,30.0,0.708333
521,0.28,0.34,6.1,0.000732,0.00012,0.001464,2.0,0,26.440677966101696,0.708333
568,0.28,0.34,6.1,0.000732,0.00012,0.001464,2.0,0,28.47457627118644,0.706667
581,0.28,0.34,6.1,0.000732,0.00012,0.001464,2.0,0,29.491525423728813,0.706667
592,0.28,0.34,6.1,0.000732,0.00012,0.001464,2.0,0,30.0,0.701667
560,0.28,0.34,6.1,0.000732,0.00012,0.001464,2.0,0,28.47457627118644,0.701667
551,0.28,0.34,6.1,0.000732,0.00012,0.001464,2.0,0,27.966101694915253,0.701667
481,0.28,0.34,6.1,0.000732,0.00012,0.001464,2.0,0,24.406779661016948,0.7
597,0.28,0.34,6.1,0.000732,0.00012,0.001464,2.0,0,30.0,0.7
527,0.28,0.34,6.1,0.000732,0.00012,0.001464,2.0,0,26.440677966101696,0.698333
548,0.28,0.34,6.1,0.000732,0.00012,0.001464,2.0,0,27.457627118644066,0.691667
15,0.28,0.34,6.1,0.000732,0.00012,0.001464,2.0,0,0.5084745762711864,0.69
538,0.28,0.34,6.1,0.000732,0.00012,0.001464,2.0,0,26.94915254237288,0.688333
491,0.28,0.34,6.1,0.000732,0.00012,0.001464,2.0,0,24.915254237288135,0.686667
5,0.28,0.34,6.1,0.000732,0.00012,0.001464,2.0,0,0.0,0.685
547,0.28,0.34,6.1,0.000732,0.00012,0.001464,2.0,0,27.457627118644066,0.685
25,0.28,0.34,6.1,0.000732,0.00012,0.001464,2.0,0,1.0169491525423728,0.681667
529,0.28,0.34,6.1,0.000732,0.00012,0.001464,2.0,0,26.440677966101696,0.681667
35,0.28,0.34,6.1,0.000732,0.00012,0.001464,2.0,0,1.5254237288135593,0.68
582,0.28,0.34,6.1,0.000732,0.00012,0.001464,2.0,0,29.491525423728813,0.68
532,0.28,0.34,6.1,0.000732,0.00012,0.001464,2.0,0,26.94915254237288,0.678333
558,0.28,0.34,6.1,0.000732,0.00012,0.001464,2.0,0,27.966101694915253,0.678333
561,0.28,0.34,6.1,0.000732,0.00012,0.001464,2.0,0,28.47457627118644,0.678333
539,0.28,0.34,6.1,0.000732,0.00012,0.001464,2.0,0,26.94915254237288,0.676667
537,0.28,0.34,6.1,0.000732,0.00012,0.001464,2.0,0,26.94915254237288,0.676667
531,0.28,0.34,6.1,0.000732,0.00012,0.001464,2.0,0,26.94915254237288,0.676667
542,0.28,0.34,6.1,0.000732,0.00012,0.001464,2.0,0,27.457627118644066,0.675
541,0.28,0.34,6.1,0.000732,0.00012,0.001464,2.0,0,27.457627118644066,0.673333
513,0.28,0.34,6.1,0.000732,0.00012,0.001464,2.0,0,25.93220338983051,0.67
511,0.28,0.34,6.1,0.000732,0.00012,0.001464,2.0,0,25.93220338983051,0.668333
522,0.28,0.34,6.1,0.000732,0.00012,0.001464,2.0,0,26.440677966101696,0.666667
517,0.28,0.34,6.1,0.000732,0.00012,0.001464,2.0,0,25.93220338983051,0.665
65,0.28,0.34,6.1,0.000732,0.00012,0.001464,2.0,0,3.0508474576271185,0.663333
55,0.28,0.34,6.1,0.000732,0.00012,0.001464,2.0,0,2.542372881355932,0.663333
501,0.28,0.34,6.1,0.000732,0.00012,0.001464,2.0,0,25.423728813559322,0.663333
586,0.28,0.34,6.1,0.000732,0.00012,0.001464,2.0,0,29.491525423728813,0.661667
85,0.28,0.34,6.1,0.000732,0.00012,0.001464,2.0,0,4.067796610169491,0.661667
38,0.28,0.34,6.1,0.000732,0.00012,0.001464,2.0,0,1.5254237288135593,0.66
45,0.28,0.34,6.1,0.000732,0.00012,0.001464,2.0,0,2.0338983050847457,0.66
75,0.28,0.34,6.1,0.000732,0.00012,0.001464,2.0,0,3.559322033898305,0.658333
11,0.28,0.34,6.1,0.000732,0.00012,0.001464,2.0,0,0.5084745762711864,0.658333
596,0.28,0.34,6.1,0.000732,0.00012,0.001464,2.0,0,30.0,0.658333
31,0.28,0.34,6.1,0.000732,0.00012,0.001464,2.0,0,1.5254237288135593,0.658333
28,0.28,0.34,6.1,0.000732,0.00012,0.001464,2.0,0,1.0169491525423728,0.658333
21,0.28,0.34,6.1,0.000732,0.00012,0.001464,2.0,0,1.0169491525423728,0.655
8,0.28,0.34,6.1,0.000732,0.00012,0.001464,2.0,0,0.0,0.655
58,0.28,0.34,6.1,0.000732,0.00012,0.001464,2.0,0,2.542372881355932,0.653333
18,0.28,0.34,6.1,0.000732,0.00012,0.001464,2.0,0,0.5084745762711864,0.653333
105,0.28,0.34,6.1,0.000732,0.00012,0.001464,2.0,0,5.084745762711864,0.651667
158,0.28,0.34,6.1,0.000732,0.00012,0.001464,2.0,0,7.627118644067796,0.651667
1,0.28,0.34,6.1,0.000732,0.00012,0.001464,2.0,0,0.0,0.651667
68,0.28,0.34,6.1,0.000732,0.00012,0.001464,2.0,0,3.0508474576271185,0.651667
138,0.28,0.34,6.1,0.000732,0.00012,0.001464,2.0,0,6.610169491525424,0.65
95,0.28,0.34,6.1,0.000732,0.00012,0.001464,2.0,0,4.576271186440678,0.65
198,0.28,0.34,6.1,0.000732,0.00012,0.001464,2.0,0,9.661016949152541,0.65
320,0.28,0.34,6.1,0.000732,0.00012,0.001464,2.0,0,16.271186440677965,0.648333
576,0.28,0.34,6.1,0.000732,0.00012,0.001464,2.0,0,28.983050847457626,0.648333
48,0.28,0.34,6.1,0.000732,0.00012,0.001464,2.0,0,2.0338983050847457,0.648333
78,0.28,0.34,6.1,0.000732,0.00012,0.001464,2.0,0,3.559322033898305,0.646667
148,0.28,0.34,6.1,0.000732,0.00012,0.001464,2.0,0,7.11864406779661,0.645
41,0.28,0.34,6.1,0.000732,0.00012,0.001464,2.0,0,2.0338983050847457,0.645
507,0.28,0.34,6.1,0.000732,0.00012,0.001464,2.0,0,25.423728813559322,0.643333
431,0.28,0.34,6.1,0.000732,0.00012,0.001464,2.0,0,21.864406779661017,0.643333
566,0.28,0.34,6.1,0.000732,0.00012,0.001464,2.0,0,28.47457627118644,0.643333
360,0.28,0.34,6.1,0.000732,0.00012,0.001464,2.0,0,18.305084745762713,0.641667
178,0.28,0.34,6.1,0.000732,0.00012,0.001464,2.0,0,8.64406779661017,0.641667
487,0.28,0.34,6.1,0.000732,0.00012,0.001464,2.0,0,24.406779661016948,0.641667
502,0.28,0.34,6.1,0.000732,0.00012,0.001464,2.0,0,25.423728813559322,0.64
208,0.28,0.34,6.1,0.000732,0.00012,0.001464,2.0,0,10.169491525423728,0.64
556,0.28,0.34,6.1,0.000732,0.00012,0.001464,2.0,0,27.966101694915253,0.638333
218,0.28,0.34,6.1,0.000732,0.00012,0.001464,2.0,0,10.677966101694915,0.638333
595,0.28,0.34,6.1,0.000732,0.00012,0.001464,2.0,0,30.0,0.638333
519,0.28,0.34,6.1,0.000732,0.00012,0.001464,2.0,0,25.93220338983051,0.638333
188,0.28,0.34,6.1,0.000732,0.00012,0.001464,2.0,0,9.152542372881356,0.638333
290,0.28,0.34,6.1,0.000732,0.00012,0.001464,2.0,0,14.745762711864407,0.638333
81,0.28,0.34,6.1,0.000732,0.00012,0.001464,2.0,0,4.067796610169491,0.638333
118,0.28,0.34,6.1,0.000732,0.00012,0.001464,2.0,0,5.59322033898305,0.638333
310,0.28,0.34,6.1,0.000732,0.00012,0.001464,2.0,0,15.762711864406779,0.636667
71,0.28,0.34,6.1,0.000732,0.00012,0.001464,2.0,0,3.559322033898305,0.636667
168,0.28,0.34,6.1,0.000732,0.00012,0.001464,2.0,0,8.135593220338983,0.636667
240,0.28,0.34,6.1,0.000732,0.00012,0.001464,2.0,0,12.203389830508474,0.636667
457,0.28,0.34,6.1,0.000732,0.00012,0.001464,2.0,0,22.881355932203387,0.636667
115,0.28,0.34,6.1,0.000732,0.00012,0.001464,2.0,0,5.59322033898305,0.636667
91,0.28,0.34,6.1,0.000732,0.00012,0.001464,2.0,0,4.576271186440678,0.636667
220,0.28,0.34,6.1,0.000732,0.00012,0.001464,2.0,0,11.1864406779661,0.636667
260,0.28,0.34,6.1,0.000732,0.00012,0.001464,2.0,0,13.220338983050848,0.636667
350,0.28,0.34,6.1,0.000732,0.00012,0.001464,2.0,0,17.796610169491526,0.635
250,0.28,0.34,6.1,0.000732,0.00012,0.001464,2.0,0,12.711864406779661,0.635
280,0.28,0.34,6.1,0.000732,0.00012,0.001464,2.0,0,14.23728813559322,0.635
175,0.28,0.34,6.1,0.000732,0.00012,0.001464,2.0,0,8.64406779661017,0.635
497,0.28,0.34,6.1,0.000732,0.00012,0.001464,2.0,0,24.915254237288135,0.633333
165,0.28,0.34,6.1,0.000732,0.00012,0.001464,2.0,0,8.135593220338983,0.633333
180,0.28,0.34,6.1,0.000732,0.00012,0.001464,2.0,0,9.152542372881356,0.633333
88,0.28,0.34,6.1,0.000732,0.00012,0.001464,2.0,0,4.067796610169491,0.633333
111,0.28,0.34,6.1,0.000732,0.00012,0.001464,2.0,0,5.59322033898305,0.633333
512,0.28,0.34,6.1,0.000732,0.00012,0.001464,2.0,0,25.93220338983051,0.633333
61,0.28,0.34,6.1,0.000732,0.00012,0.001464,2.0,0,3.0508474576271185,0.633333
230,0.28,0.34,6.1,0.000732,0.00012,0.001464,2.0,0,11.694915254237287,0.633333
441,0.28,0.34,6.1,0.000732,0.00012,0.001464,2.0,0,22.3728813559322,0.633333
340,0.28,0.34,6.1,0.000732,0.00012,0.001464,2.0,0,17.28813559322034,0.633333
101,0.28,0.34,6.1,0.000732,0.00012,0.001464,2.0,0,5.084745762711864,0.633333
210,0.28,0.34,6.1,0.000732,0.00012,0.001464,2.0,0,10.677966101694915,0.633333
200,0.28,0.34,6.1,0.000732,0.00012,0.001464,2.0,0,10.169491525423728,0.633333
594,0.28,0.34,6.1,0.000732,0.00012,0.001464,2.0,0,30.0,0.631667
51,0.28,0.34,6.1,0.000732,0.00012,0.001464,2.0,0,2.542372881355932,0.631667
98,0.28,0.34,6.1,0.000732,0.00012,0.001464,2.0,0,4.576271186440678,0.631667
270,0.28,0.34,6.1,0.000732,0.00012,0.001464,2.0,0,13.728813559322033,0.631667
580,0.28,0.34,6.1,0.000732,0.00012,0.001464,2.0,0,29.491525423728813,0.631667
300,0.28,0.34,6.1,0.000732,0.00012,0.001464,2.0,0,15.254237288135592,0.631667
145,0.28,0.34,6.1,0.000732,0.00012,0.001464,2.0,0,7.11864406779661,0.631667
528,0.28,0.34,6.1,0.000732,0.00012,0.001464,2.0,0,26.440677966101696,0.63
155,0.28,0.34,6.1,0.000732,0.00012,0.001464,2.0,0,7.627118644067796,0.63
228,0.28,0.34,6.1,0.000732,0.00012,0.001464,2.0,0,11.1864406779661,0.628333
108,0.28,0.34,6.1,0.000732,0.00012,0.001464,2.0,0,5.084745762711864,0.628333
19,0.28,0.34,6.1,0.000732,0.00012,0.001464,2.0,0,0.5084745762711864,0.628333
135,0.28,0.34,6.1,0.000732,0.00012,0.001464,2.0,0,6.610169491525424,0.628333
125,0.28,0.34,6.1,0.000732,0.00012,0.001464,2.0,0,6.101694915254237,0.628333
329,0.28,0.34,6.1,0.000732,0.00012,0.001464,2.0,0,16.271186440677965,0.628333
190,0.28,0.34,6.1,0.000732,0.00012,0.001464,2.0,0,9.661016949152541,0.628333
110,0.28,0.34,6.1,0.000732,0.00012,0.001464,2.0,0,5.59322033898305,0.626667
120,0.28,0.34,6.1,0.000732,0.00012,0.001464,2.0,0,6.101694915254237,0.626667
130,0.28,0.34,6.1,0.000732,0.00012,0.001464,2.0,0,6.610169491525424,0.626667
238,0.28,0.34,6.1,0.000732,0.00012,0.001464,2.0,0,11.694915254237287,0.626667
160,0.28,0.34,6.1,0.000732,0.00012,0.001464,2.0,0,8.135593220338983,0.626667
170,0.28,0.34,6.1,0.000732,0.00012,0.001464,2.0,0,8.64406779661017,0.626667
151,0.28,0.34,6.1,0.000732,0.00012,0.001464,2.0,0,7.627118644067796,0.625
40,0.28,0.34,6.1,0.000732,0.00012,0.001464,2.0,0,2.0338983050847457,0.625
100,0.28,0.34,6.1,0.000732,0.00012,0.001464,2.0,0,5.084745762711864,0.625
128,0.28,0.34,6.1,0.000732,0.00012,0.001464,2.0,0,6.101694915254237,0.625
20,0.28,0.34,6.1,0.000732,0.00012,0.001464,2.0,0,1.0169491525423728,0.625
140,0.28,0.34,6.1,0.000732,0.00012,0.001464,2.0,0,7.11864406779661,0.625
150,0.28,0.34,6.1,0.000732,0.00012,0.001464,2.0,0,7.627118644067796,0.625
80,0.28,0.34,6.1,0.000732,0.00012,0.001464,2.0,0,4.067796610169491,0.625
0,0.28,0.34,6.1,0.000732,0.00012,0.001464,2.0,0,0.0,0.625
30,0.28,0.34,6.1,0.000732,0.00012,0.001464,2.0,0,1.5254237288135593,0.625
10,0.28,0.34,6.1,0.000732,0.00012,0.001464,2.0,0,0.5084745762711864,0.625
90,0.28,0.34,6.1,0.000732,0.00012,0.001464,2.0,0,4.576271186440678,0.625
39,0.28,0.34,6.1,0.000732,0.00012,0.001464,2.0,0,1.5254237288135593,0.623333
70,0.28,0.34,6.1,0.000732,0.00012,0.001464,2.0,0,3.559322033898305,0.623333
590,0.28,0.34,6.1,0.000732,0.00012,0.001464,2.0,0,30.0,0.623333
60,0.28,0.34,6.1,0.000732,0.00012,0.001464,2.0,0,3.0508474576271185,0.623333
29,0.28,0.34,6.1,0.000732,0.00012,0.001464,2.0,0,1.0169491525423728,0.623333
585,0.28,0.34,6.1,0.000732,0.00012,0.001464,2.0,0,29.491525423728813,0.623333
121,0.28,0.34,6.1,0.000732,0.00012,0.001464,2.0,0,6.101694915254237,0.623333
201,0.28,0.34,6.1,0.000732,0.00012,0.001464,2.0,0,10.169491525423728,0.621667
50,0.28,0.34,6.1,0.000732,0.00012,0.001464,2.0,0,2.542372881355932,0.621667
359,0.28,0.34,6.1,0.000732,0.00012,0.001464,2.0,0,17.796610169491526,0.621667
49,0.28,0.34,6.1,0.000732,0.00012,0.001464,2.0,0,2.0338983050847457,0.62
159,0.28,0.34,6.1,0.000732,0.00012,0.001464,2.0,0,7.627118644067796,0.62
239,0.28,0.34,6.1,0.000732,0.00012,0.001464,2.0,0,11.694915254237287,0.618333
179,0.28,0.34,6.1,0.000732,0.00012,0.001464,2.0,0,8.64406779661017,0.618333
209,0.28,0.34,6.1,0.000732,0.00012,0.001464,2.0,0,10.169491525423728,0.618333
219,0.28,0.34,6.1,0.000732,0.00012,0.001464,2.0,0,10.677966101694915,0.618333
139,0.28,0.34,6.1,0.000732,0.00012,0.001464,2.0,0,6.610169491525424,0.618333
195,0.28,0.34,6.1,0.000732,0.00012,0.001464,2.0,0,9.661016949152541,0.618333
389,0.28,0.34,6.1,0.000732,0.00012,0.001464,2.0,0,19.322033898305083,0.618333
129,0.28,0.34,6.1,0.000732,0.00012,0.001464,2.0,0,6.101694915254237,0.618333
249,0.28,0.34,6.1,0.000732,0.00012,0.001464,2.0,0,12.203389830508474,0.618333
169,0.28,0.34,6.1,0.000732,0.00012,0.001464,2.0,0,8.135593220338983,0.618333
229,0.28,0.34,6.1,0.000732,0.00012,0.001464,2.0,0,11.1864406779661,0.616667
369,0.28,0.34,6.1,0.000732,0.00012,0.001464,2.0,0,18.305084745762713,0.616667
131,0.28,0.34,6.1,0.000732,0.00012,0.001464,2.0,0,6.610169491525424,0.616667
189,0.28,0.34,6.1,0.000732,0.00012,0.001464,2.0,0,9.152542372881356,0.616667
258,0.28,0.34,6.1,0.000732,0.00012,0.001464,2.0,0,12.711864406779661,0.616667
69,0.28,0.34,6.1,0.000732,0.00012,0.001464,2.0,0,3.0508474576271185,0.616667
248,0.28,0.34,6.1,0.000732,0.00012,0.001464,2.0,0,12.203389830508474,0.616667
281,0.28,0.34,6.1,0.000732,0.00012,0.001464,2.0,0,14.23728813559322,0.615
9,0.28,0.34,6.1,0.000732,0.00012,0.001464,2.0,0,0.0,0.615
426,0.28,0.34,6.1,0.000732,0.00012,0.001464,2.0,0,21.35593220338983,0.615
371,0.28,0.34,6.1,0.000732,0.00012,0.001464,2.0,0,18.813559322033896,0.615
59,0.28,0.34,6.1,0.000732,0.00012,0.001464,2.0,0,2.542372881355932,0.615
555,0.28,0.34,6.1,0.000732,0.00012,0.001464,2.0,0,27.966101694915253,0.615
199,0.28,0.34,6.1,0.000732,0.00012,0.001464,2.0,0,9.661016949152541,0.615
79,0.28,0.34,6.1,0.000732,0.00012,0.001464,2.0,0,3.559322033898305,0.613333
575,0.28,0.34,6.1,0.000732,0.00012,0.001464,2.0,0,28.983050847457626,0.613333
416,0.28,0.34,6.1,0.000732,0.00012,0.001464,2.0,0,20.847457627118644,0.613333
211,0.28,0.34,6.1,0.000732,0.00012,0.001464,2.0,0,10.677966101694915,0.613333
321,0.28,0.34,6.1,0.000732,0.00012,0.001464,2.0,0,16.271186440677965,0.613333
565,0.28,0.34,6.1,0.000732,0.00012,0.001464,2.0,0,28.47457627118644,0.613333
269,0.28,0.34,6.1,0.000732,0.00012,0.001464,2.0,0,13.220338983050848,0.613333
89,0.28,0.34,6.1,0.000732,0.00012,0.001464,2.0,0,4.067796610169491,0.613333
268,0.28,0.34,6.1,0.000732,0.00012,0.001464,2.0,0,13.220338983050848,0.611667
17,0.28,0.34,6.1,0.000732,0.00012,0.001464,2.0,0,0.5084745762711864,0.611667
546,0.28,0.34,6.1,0.000732,0.00012,0.001464,2.0,0,27.457627118644066,0.611667
241,0.28,0.34,6.1,0.000732,0.00012,0.001464,2.0,0,12.203389830508474,0.611667
119,0.28,0.34,6.1,0.000732,0.00012,0.001464,2.0,0,5.59322033898305,0.611667
421,0.28,0.34,6.1,0.000732,0.00012,0.001464,2.0,0,21.35593220338983,0.611667
181,0.28,0.34,6.1,0.000732,0.00012,0.001464,2.0,0,9.152542372881356,0.61
161,0.28,0.34,6.1,0.000732,0.00012,0.001464,2.0,0,8.135593220338983,0.61
379,0.28,0.34,6.1,0.000732,0.00012,0.001464,2.0,0,18.813559322033896,0.61
27,0.28,0.34,6.1,0.000732,0.00012,0.001464,2.0,0,1.0169491525423728,0.61
331,0.28,0.34,6.1,0.000732,0.00012,0.001464,2.0,0,16.779661016949152,0.61
185,0.28,0.34,6.1,0.000732,0.00012,0.001464,2.0,0,9.152542372881356,0.61
386,0.28,0.34,6.1,0.000732,0.00012,0.001464,2.0,0,19.322033898305083,0.61
271,0.28,0.34,6.1,0.000732,0.00012,0.001464,2.0,0,13.728813559322033,0.61
279,0.28,0.34,6.1,0.000732,0.00012,0.001464,2.0,0,13.728813559322033,0.61
309,0.28,0.34,6.1,0.000732,0.00012,0.001464,2.0,0,15.254237288135592,0.61
109,0.28,0.34,6.1,0.000732,0.00012,0.001464,2.0,0,5.084745762711864,0.61
149,0.28,0.34,6.1,0.000732,0.00012,0.001464,2.0,0,7.11864406779661,0.61
259,0.28,0.34,6.1,0.000732,0.00012,0.001464,2.0,0,12.711864406779661,0.608333
301,0.28,0.34,6.1,0.000732,0.00012,0.001464,2.0,0,15.254237288135592,0.608333
99,0.28,0.34,6.1,0.000732,0.00012,0.001464,2.0,0,4.576271186440678,0.608333
401,0.28,0.34,6.1,0.000732,0.00012,0.001464,2.0,0,20.338983050847457,0.606667
351,0.28,0.34,6.1,0.000732,0.00012,0.001464,2.0,0,17.796610169491526,0.606667
141,0.28,0.34,6.1,0.000732,0.00012,0.001464,2.0,0,7.11864406779661,0.605
251,0.28,0.34,6.1,0.000732,0.00012,0.001464,2.0,0,12.711864406779661,0.605
349,0.28,0.34,6.1,0.000732,0.00012,0.001464,2.0,0,17.28813559322034,0.605
221,0.28,0.34,6.1,0.000732,0.00012,0.001464,2.0,0,11.1864406779661,0.603333
289,0.28,0.34,6.1,0.000732,0.00012,0.001464,2.0,0,14.23728813559322,0.603333
330,0.28,0.34,6.1,0.000732,0.00012,0.001464,2.0,0,16.779661016949152,0.603333
191,0.28,0.34,6.1,0.000732,0.00012,0.001464,2.0,0,9.661016949152541,0.603333
341,0.28,0.34,6.1,0.000732,0.00012,0.001464,2.0,0,17.28813559322034,0.603333
7,0.28,0.34,6.1,0.000732,0.00012,0.001464,2.0,0,0.0,0.601667
471,0.28,0.34,6.1,0.000732,0.00012,0.001464,2.0,0,23.89830508474576,0.601667
299,0.28,0.34,6.1,0.000732,0.00012,0.001464,2.0,0,14.745762711864407,0.6
67,0.28,0.34,6.1,0.000732,0.00012,0.001464,2.0,0,3.0508474576271185,0.6
225,0.28,0.34,6.1,0.000732,0.00012,0.001464,2.0,0,11.1864406779661,0.6
47,0.28,0.34,6.1,0.000732,0.00012,0.001464,2.0,0,2.0338983050847457,0.598333
244,0.28,0.34,6.1,0.000732,0.00012,0.001464,2.0,0,12.203389830508474,0.598333
246,0.28,0.34,6.1,0.000732,0.00012,0.001464,2.0,0,12.203389830508474,0.598333
261,0.28,0.34,6.1,0.000732,0.00012,0.001464,2.0,0,13.220338983050848,0.598333
254,0.28,0.34,6.1,0.000732,0.00012,0.001464,2.0,0,12.711864406779661,0.598333
114,0.28,0.34,6.1,0.000732,0.00012,0.001464,2.0,0,5.59322033898305,0.596667
94,0.28,0.34,6.1,0.000732,0.00012,0.001464,2.0,0,4.576271186440678,0.596667
37,0.28,0.34,6.1,0.000732,0.00012,0.001464,2.0,0,1.5254237288135593,0.596667
154,0.28,0.34,6.1,0.000732,0.00012,0.001464,2.0,0,7.627118644067796,0.596667
396,0.28,0.34,6.1,0.000732,0.00012,0.001464,2.0,0,19.83050847457627,0.596667
34,0.28,0.34,6.1,0.000732,0.00012,0.001464,2.0,0,1.5254237288135593,0.596667
194,0.28,0.34,6.1,0.000732,0.00012,0.001464,2.0,0,9.661016949152541,0.596667
44,0.28,0.34,6.1,0.000732,0.00012,0.001464,2.0,0,2.0338983050847457,0.596667
291,0.28,0.34,6.1,0.000732,0.00012,0.001464,2.0,0,14.745762711864407,0.596667
74,0.28,0.34,6.1,0.000732,0.00012,0.001464,2.0,0,3.559322033898305,0.595
326,0.28,0.34,6.1,0.000732,0.00012,0.001464,2.0,0,16.271186440677965,0.595
84,0.28,0.34,6.1,0.000732,0.00012,0.001464,2.0,0,4.067796610169491,0.595
264,0.28,0.34,6.1,0.000732,0.00012,0.001464,2.0,0,13.220338983050848,0.595
224,0.28,0.34,6.1,0.000732,0.00012,0.001464,2.0,0,11.1864406779661,0.595
144,0.28,0.34,6.1,0.000732,0.00012,0.001464,2.0,0,7.11864406779661,0.595
339,0.28,0.34,6.1,0.000732,0.00012,0.001464,2.0,0,16.779661016949152,0.595
274,0.28,0.34,6.1,0.000732,0.00012,0.001464,2.0,0,13.728813559322033,0.595
509,0.28,0.34,6.1,0.000732,0.00012,0.001464,2.0,0,25.423728813559322,0.595
134,0.28,0.34,6.1,0.000732,0.00012,0.001464,2.0,0,6.610169491525424,0.595
356,0.28,0.34,6.1,0.000732,0.00012,0.001464,2.0,0,17.796610169491526,0.595
14,0.28,0.34,6.1,0.000732,0.00012,0.001464,2.0,0,0.5084745762711864,0.595
4,0.28,0.34,6.1,0.000732,0.00012,0.001464,2.0,0,0.0,0.595
535,0.28,0.34,6.1,0.000732,0.00012,0.001464,2.0,0,26.94915254237288,0.595
54,0.28,0.34,6.1,0.000732,0.00012,0.001464,2.0,0,2.542372881355932,0.595
64,0.28,0.34,6.1,0.000732,0.00012,0.001464,2.0,0,3.0508474576271185,0.595
104,0.28,0.34,6.1,0.000732,0.00012,0.001464,2.0,0,5.084745762711864,0.595
234,0.28,0.34,6.1,0.000732,0.00012,0.001464,2.0,0,11.694915254237287,0.595
174,0.28,0.34,6.1,0.000732,0.00012,0.001464,2.0,0,8.64406779661017,0.595
231,0.28,0.34,6.1,0.000732,0.00012,0.001464,2.0,0,11.694915254237287,0.595
124,0.28,0.34,6.1,0.000732,0.00012,0.001464,2.0,0,6.101694915254237,0.595
311,0.28,0.34,6.1,0.000732,0.00012,0.001464,2.0,0,15.762711864406779,0.593333
24,0.28,0.34,6.1,0.000732,0.00012,0.001464,2.0,0,1.0169491525423728,0.593333
417,0.28,0.34,6.1,0.000732,0.00012,0.001464,2.0,0,20.847457627118644,0.593333
336,0.28,0.34,6.1,0.000732,0.00012,0.001464,2.0,0,16.779661016949152,0.593333
399,0.28,0.34,6.1,0.000732,0.00012,0.001464,2.0,0,19.83050847457627,0.593333
256,0.28,0.34,6.1,0.000732,0.00012,0.001464,2.0,0,12.711864406779661,0.593333
184,0.28,0.34,6.1,0.000732,0.00012,0.001464,2.0,0,9.152542372881356,0.593333
204,0.28,0.34,6.1,0.000732,0.00012,0.001464,2.0,0,10.169491525423728,0.591667
245,0.28,0.34,6.1,0.000732,0.00012,0.001464,2.0,0,12.203389830508474,0.591667
436,0.28,0.34,6.1,0.000732,0.00012,0.001464,2.0,0,21.864406779661017,0.591667
284,0.28,0.34,6.1,0.000732,0.00012,0.001464,2.0,0,14.23728813559322,0.591667
304,0.28,0.34,6.1,0.000732,0.00012,0.001464,2.0,0,15.254237288135592,0.591667
496,0.28,0.34,6.1,0.000732,0.00012,0.001464,2.0,0,24.915254237288135,0.591667
526,0.28,0.34,6.1,0.000732,0.00012,0.001464,2.0,0,26.440677966101696,0.591667
376,0.28,0.34,6.1,0.000732,0.00012,0.001464,2.0,0,18.813559322033896,0.59
164,0.28,0.34,6.1,0.000732,0.00012,0.001464,2.0,0,8.135593220338983,0.59
57,0.28,0.34,6.1,0.000732,0.00012,0.001464,2.0,0,2.542372881355932,0.59
171,0.28,0.34,6.1,0.000732,0.00012,0.001464,2.0,0,8.64406779661017,0.59
366,0.28,0.34,6.1,0.000732,0.00012,0.001464,2.0,0,18.305084745762713,0.59
451,0.28,0.34,6.1,0.000732,0.00012,0.001464,2.0,0,22.881355932203387,0.59
215,0.28,0.34,6.1,0.000732,0.00012,0.001464,2.0,0,10.677966101694915,0.59
236,0.28,0.34,6.1,0.000732,0.00012,0.001464,2.0,0,11.694915254237287,0.59
216,0.28,0.34,6.1,0.000732,0.00012,0.001464,2.0,0,10.677966101694915,0.59
214,0.28,0.34,6.1,0.000732,0.00012,0.001464,2.0,0,10.677966101694915,0.59
205,0.28,0.34,6.1,0.000732,0.00012,0.001464,2.0,0,10.169491525423728,0.588333
460,0.28,0.34,6.1,0.000732,0.00012,0.001464,2.0,0,23.389830508474574,0.588333
411,0.28,0.34,6.1,0.000732,0.00012,0.001464,2.0,0,20.847457627118644,0.588333
456,0.28,0.34,6.1,0.000732,0.00012,0.001464,2.0,0,22.881355932203387,0.588333
196,0.28,0.34,6.1,0.000732,0.00012,0.001464,2.0,0,9.661016949152541,0.586667
296,0.28,0.34,6.1,0.000732,0.00012,0.001464,2.0,0,14.745762711864407,0.586667
381,0.28,0.34,6.1,0.000732,0.00012,0.001464,2.0,0,19.322033898305083,0.586667
319,0.28,0.34,6.1,0.000732,0.00012,0.001464,2.0,0,15.762711864406779,0.586667
226,0.28,0.34,6.1,0.000732,0.00012,0.001464,2.0,0,11.1864406779661,0.586667
391,0.28,0.34,6.1,0.000732,0.00012,0.001464,2.0,0,19.83050847457627,0.586667
266,0.28,0.34,6.1,0.000732,0.00012,0.001464,2.0,0,13.220338983050848,0.585
136,0.28,0.34,6.1,0.000732,0.00012,0.001464,2.0,0,6.610169491525424,0.585
116,0.28,0.34,6.1,0.000732,0.00012,0.001464,2.0,0,5.59322033898305,0.585
77,0.28,0.34,6.1,0.000732,0.00012,0.001464,2.0,0,3.559322033898305,0.585
206,0.28,0.34,6.1,0.000732,0.00012,0.001464,2.0,0,10.169491525423728,0.585
584,0.28,0.34,6.1,0.000732,0.00012,0.001464,2.0,0,29.491525423728813,0.585
306,0.28,0.34,6.1,0.000732,0.00012,0.001464,2.0,0,15.254237288135592,0.585
287,0.28,0.34,6.1,0.000732,0.00012,0.001464,2.0,0,14.23728813559322,0.585
536,0.28,0.34,6.1,0.000732,0.00012,0.001464,2.0,0,26.94915254237288,0.583333
500,0.28,0.34,6.1,0.000732,0.00012,0.001464,2.0,0,25.423728813559322,0.583333
361,0.28,0.34,6.1,0.000732,0.00012,0.001464,2.0,0,18.305084745762713,0.581667
126,0.28,0.34,6.1,0.000732,0.00012,0.001464,2.0,0,6.101694915254237,0.581667
316,0.28,0.34,6.1,0.000732,0.00012,0.001464,2.0,0,15.762711864406779,0.581667
235,0.28,0.34,6.1,0.000732,0.00012,0.001464,2.0,0,11.694915254237287,0.581667
346,0.28,0.34,6.1,0.000732,0.00012,0.001464,2.0,0,17.28813559322034,0.581667
278,0.28,0.34,6.1,0.000732,0.00012,0.001464,2.0,0,13.728813559322033,0.581667
146,0.28,0.34,6.1,0.000732,0.00012,0.001464,2.0,0,7.11864406779661,0.58
294,0.28,0.34,6.1,0.000732,0.00012,0.001464,2.0,0,14.745762711864407,0.58
106,0.28,0.34,6.1,0.000732,0.00012,0.001464,2.0,0,5.084745762711864,0.58
86,0.28,0.34,6.1,0.000732,0.00012,0.001464,2.0,0,4.067796610169491,0.58
6,0.28,0.34,6.1,0.000732,0.00012,0.001464,2.0,0,0.0,0.58
275,0.28,0.34,6.1,0.000732,0.00012,0.001464,2.0,0,13.728813559322033,0.578333
265,0.28,0.34,6.1,0.000732,0.00012,0.001464,2.0,0,13.220338983050848,0.578333
16,0.28,0.34,6.1,0.000732,0.00012,0.001464,2.0,0,0.5084745762711864,0.578333
406,0.28,0.34,6.1,0.000732,0.00012,0.001464,2.0,0,20.338983050847457,0.578333
66,0.28,0.34,6.1,0.000732,0.00012,0.001464,2.0,0,3.0508474576271185,0.578333
76,0.28,0.34,6.1,0.000732,0.00012,0.001464,2.0,0,3.559322033898305,0.578333
96,0.28,0.34,6.1,0.000732,0.00012,0.001464,2.0,0,4.576271186440678,0.576667
427,0.28,0.34,6.1,0.000732,0.00012,0.001464,2.0,0,21.35593220338983,0.576667
242,0.28,0.34,6.1,0.000732,0.00012,0.001464,2.0,0,12.203389830508474,0.576667
26,0.28,0.34,6.1,0.000732,0.00012,0.001464,2.0,0,1.0169491525423728,0.576667
56,0.28,0.34,6.1,0.000732,0.00012,0.001464,2.0,0,2.542372881355932,0.576667
499,0.28,0.34,6.1,0.000732,0.00012,0.001464,2.0,0,24.915254237288135,0.576667
257,0.28,0.34,6.1,0.000732,0.00012,0.001464,2.0,0,12.711864406779661,0.575
288,0.28,0.34,6.1,0.000732,0.00012,0.001464,2.0,0,14.23728813559322,0.575
267,0.28,0.34,6.1,0.000732,0.00012,0.001464,2.0,0,13.220338983050848,0.575
46,0.28,0.34,6.1,0.000732,0.00012,0.001464,2.0,0,2.0338983050847457,0.575
166,0.28,0.34,6.1,0.000732,0.00012,0.001464,2.0,0,8.135593220338983,0.575
400,0.28,0.34,6.1,0.000732,0.00012,0.001464,2.0,0,20.338983050847457,0.575
370,0.28,0.34,6.1,0.000732,0.00012,0.001464,2.0,0,18.813559322033896,0.575
277,0.28,0.34,6.1,0.000732,0.00012,0.001464,2.0,0,13.728813559322033,0.575
156,0.28,0.34,6.1,0.000732,0.00012,0.001464,2.0,0,7.627118644067796,0.573333
97,0.28,0.34,6.1,0.000732,0.00012,0.001464,2.0,0,4.576271186440678,0.573333
520,0.28,0.34,6.1,0.000732,0.00012,0.001464,2.0,0,26.440677966101696,0.573333
222,0.28,0.34,6.1,0.000732,0.00012,0.001464,2.0,0,11.1864406779661,0.573333
182,0.28,0.34,6.1,0.000732,0.00012,0.001464,2.0,0,9.152542372881356,0.573333
87,0.28,0.34,6.1,0.000732,0.00012,0.001464,2.0,0,4.067796610169491,0.573333
72,0.28,0.34,6.1,0.000732,0.00012,0.001464,2.0,0,3.559322033898305,0.573333
172,0.28,0.34,6.1,0.000732,0.00012,0.001464,2.0,0,8.64406779661017,0.573333
486,0.28,0.34,6.1,0.000732,0.00012,0.001464,2.0,0,24.406779661016948,0.573333
92,0.28,0.34,6.1,0.000732,0.00012,0.001464,2.0,0,4.576271186440678,0.573333
23,0.28,0.34,6.1,0.000732,0.00012,0.001464,2.0,0,1.0169491525423728,0.573333
62,0.28,0.34,6.1,0.000732,0.00012,0.001464,2.0,0,3.0508474576271185,0.573333
255,0.28,0.34,6.1,0.000732,0.00012,0.001464,2.0,0,12.711864406779661,0.573333
36,0.28,0.34,6.1,0.000732,0.00012,0.001464,2.0,0,1.5254237288135593,0.573333
232,0.28,0.34,6.1,0.000732,0.00012,0.001464,2.0,0,11.694915254237287,0.573333
317,0.28,0.34,6.1,0.000732,0.00012,0.001464,2.0,0,15.762711864406779,0.571667
117,0.28,0.34,6.1,0.000732,0.00012,0.001464,2.0,0,5.59322033898305,0.571667
82,0.28,0.34,6.1,0.000732,0.00012,0.001464,2.0,0,4.067796610169491,0.571667
142,0.28,0.34,6.1,0.000732,0.00012,0.001464,2.0,0,7.11864406779661,0.571667
112,0.28,0.34,6.1,0.000732,0.00012,0.001464,2.0,0,5.59322033898305,0.571667
2,0.28,0.34,6.1,0.000732,0.00012,0.001464,2.0,0,0.0,0.571667
489,0.28,0.34,6.1,0.000732,0.00012,0.001464,2.0,0,24.406779661016948,0.571667
286,0.28,0.34,6.1,0.000732,0.00012,0.001464,2.0,0,14.23728813559322,0.571667
212,0.28,0.34,6.1,0.000732,0.00012,0.001464,2.0,0,10.677966101694915,0.571667
152,0.28,0.34,6.1,0.000732,0.00012,0.001464,2.0,0,7.627118644067796,0.571667
102,0.28,0.34,6.1,0.000732,0.00012,0.001464,2.0,0,5.084745762711864,0.571667
273,0.28,0.34,6.1,0.000732,0.00012,0.001464,2.0,0,13.728813559322033,0.571667
13,0.28,0.34,6.1,0.000732,0.00012,0.001464,2.0,0,0.5084745762711864,0.571667
476,0.28,0.34,6.1,0.000732,0.00012,0.001464,2.0,0,23.89830508474576,0.571667
162,0.28,0.34,6.1,0.000732,0.00012,0.001464,2.0,0,8.135593220338983,0.571667
12,0.28,0.34,6.1,0.000732,0.00012,0.001464,2.0,0,0.5084745762711864,0.571667
43,0.28,0.34,6.1,0.000732,0.00012,0.001464,2.0,0,2.0338983050847457,0.571667
276,0.28,0.34,6.1,0.000732,0.00012,0.001464,2.0,0,13.728813559322033,0.571667
293,0.28,0.34,6.1,0.000732,0.00012,0.001464,2.0,0,14.745762711864407,0.57
470,0.28,0.34,6.1,0.000732,0.00012,0.001464,2.0,0,23.89830508474576,0.57
420,0.28,0.34,6.1,0.000732,0.00012,0.001464,2.0,0,21.35593220338983,0.57
122,0.28,0.34,6.1,0.000732,0.00012,0.001464,2.0,0,6.101694915254237,0.57
213,0.28,0.34,6.1,0.000732,0.00012,0.001464,2.0,0,10.677966101694915,0.57
516,0.28,0.34,6.1,0.000732,0.00012,0.001464,2.0,0,25.93220338983051,0.57
33,0.28,0.34,6.1,0.000732,0.00012,0.001464,2.0,0,1.5254237288135593,0.57
506,0.28,0.34,6.1,0.000732,0.00012,0.001464,2.0,0,25.423728813559322,0.57
446,0.28,0.34,6.1,0.000732,0.00012,0.001464,2.0,0,22.3728813559322,0.57
132,0.28,0.34,6.1,0.000732,0.00012,0.001464,2.0,0,6.610169491525424,0.57
252,0.28,0.34,6.1,0.000732,0.00012,0.001464,2.0,0,12.711864406779661,0.57
303,0.28,0.34,6.1,0.000732,0.00012,0.001464,2.0,0,15.254237288135592,0.57
32,0.28,0.34,6.1,0.000732,0.00012,0.001464,2.0,0,1.5254237288135593,0.57
223,0.28,0.34,6.1,0.000732,0.00012,0.001464,2.0,0,11.1864406779661,0.57
52,0.28,0.34,6.1,0.000732,0.00012,0.001464,2.0,0,2.542372881355932,0.57
283,0.28,0.34,6.1,0.000732,0.00012,0.001464,2.0,0,14.23728813559322,0.57
186,0.28,0.34,6.1,0.000732,0.00012,0.001464,2.0,0,9.152542372881356,0.57
272,0.28,0.34,6.1,0.000732,0.00012,0.001464,2.0,0,13.728813559322033,0.568333
545,0.28,0.34,6.1,0.000732,0.00012,0.001464,2.0,0,27.457627118644066,0.568333
176,0.28,0.34,6.1,0.000732,0.00012,0.001464,2.0,0,8.64406779661017,0.568333
490,0.28,0.34,6.1,0.000732,0.00012,0.001464,2.0,0,24.915254237288135,0.568333
22,0.28,0.34,6.1,0.000732,0.00012,0.001464,2.0,0,1.0169491525423728,0.568333
193,0.28,0.34,6.1,0.000732,0.00012,0.001464,2.0,0,9.661016949152541,0.568333
192,0.28,0.34,6.1,0.000732,0.00012,0.001464,2.0,0,9.661016949152541,0.568333
469,0.28,0.34,6.1,0.000732,0.00012,0.001464,2.0,0,23.389830508474574,0.568333
103,0.28,0.34,6.1,0.000732,0.00012,0.001464,2.0,0,5.084745762711864,0.568333
313,0.28,0.34,6.1,0.000732,0.00012,0.001464,2.0,0,15.762711864406779,0.568333
510,0.28,0.34,6.1,0.000732,0.00012,0.001464,2.0,0,25.93220338983051,0.568333
466,0.28,0.34,6.1,0.000732,0.00012,0.001464,2.0,0,23.389830508474574,0.568333
42,0.28,0.34,6.1,0.000732,0.00012,0.001464,2.0,0,2.0338983050847457,0.568333
285,0.28,0.34,6.1,0.000732,0.00012,0.001464,2.0,0,14.23728813559322,0.568333
3,0.28,0.34,6.1,0.000732,0.00012,0.001464,2.0,0,0.0,0.568333
163,0.28,0.34,6.1,0.000732,0.00012,0.001464,2.0,0,8.135593220338983,0.568333
53,0.28,0.34,6.1,0.000732,0.00012,0.001464,2.0,0,2.542372881355932,0.566667
243,0.28,0.34,6.1,0.000732,0.00012,0.001464,2.0,0,12.203389830508474,0.566667
282,0.28,0.34,6.1,0.000732,0.00012,0.001464,2.0,0,14.23728813559322,0.566667
143,0.28,0.34,6.1,0.000732,0.00012,0.001464,2.0,0,7.11864406779661,0.566667
73,0.28,0.34,6.1,0.000732,0.00012,0.001464,2.0,0,3.559322033898305,0.566667
202,0.28,0.34,6.1,0.000732,0.00012,0.001464,2.0,0,10.169491525423728,0.566667
307,0.28,0.34,6.1,0.000732,0.00012,0.001464,2.0,0,15.254237288135592,0.566667
263,0.28,0.34,6.1,0.000732,0.00012,0.001464,2.0,0,13.220338983050848,0.566667
113,0.28,0.34,6.1,0.000732,0.00012,0.001464,2.0,0,5.59322033898305,0.566667
123,0.28,0.34,6.1,0.000732,0.00012,0.001464,2.0,0,6.101694915254237,0.566667
133,0.28,0.34,6.1,0.000732,0.00012,0.001464,2.0,0,6.610169491525424,0.566667
323,0.28,0.34,6.1,0.000732,0.00012,0.001464,2.0,0,16.271186440677965,0.566667
203,0.28,0.34,6.1,0.000732,0.00012,0.001464,2.0,0,10.169491525423728,0.566667
449,0.28,0.34,6.1,0.000732,0.00012,0.001464,2.0,0,22.3728813559322,0.565
327,0.28,0.34,6.1,0.000732,0.00012,0.001464,2.0,0,16.271186440677965,0.565
157,0.28,0.34,6.1,0.000732,0.00012,0.001464,2.0,0,7.627118644067796,0.565
410,0.28,0.34,6.1,0.000732,0.00012,0.001464,2.0,0,20.847457627118644,0.565
550,0.28,0.34,6.1,0.000732,0.00012,0.001464,2.0,0,27.966101694915253,0.565
233,0.28,0.34,6.1,0.000732,0.00012,0.001464,2.0,0,11.694915254237287,0.565
508,0.28,0.34,6.1,0.000732,0.00012,0.001464,2.0,0,25.423728813559322,0.565
253,0.28,0.34,6.1,0.000732,0.00012,0.001464,2.0,0,12.711864406779661,0.565
173,0.28,0.34,6.1,0.000732,0.00012,0.001464,2.0,0,8.64406779661017,0.565
153,0.28,0.34,6.1,0.000732,0.00012,0.001464,2.0,0,7.627118644067796,0.565
83,0.28,0.34,6.1,0.000732,0.00012,0.001464,2.0,0,4.067796610169491,0.565
183,0.28,0.34,6.1,0.000732,0.00012,0.001464,2.0,0,9.152542372881356,0.565
63,0.28,0.34,6.1,0.000732,0.00012,0.001464,2.0,0,3.0508474576271185,0.565
93,0.28,0.34,6.1,0.000732,0.00012,0.001464,2.0,0,4.576271186440678,0.565
525,0.28,0.34,6.1,0.000732,0.00012,0.001464,2.0,0,26.440677966101696,0.563333
297,0.28,0.34,6.1,0.000732,0.00012,0.001464,2.0,0,14.745762711864407,0.563333
137,0.28,0.34,6.1,0.000732,0.00012,0.001464,2.0,0,6.610169491525424,0.56
298,0.28,0.34,6.1,0.000732,0.00012,0.001464,2.0,0,14.745762711864407,0.56
247,0.28,0.34,6.1,0.000732,0.00012,0.001464,2.0,0,12.203389830508474,0.56
518,0.28,0.34,6.1,0.000732,0.00012,0.001464,2.0,0,25.93220338983051,0.56
127,0.28,0.34,6.1,0.000732,0.00012,0.001464,2.0,0,6.101694915254237,0.558333
167,0.28,0.34,6.1,0.000732,0.00012,0.001464,2.0,0,8.135593220338983,0.558333
347,0.28,0.34,6.1,0.000732,0.00012,0.001464,2.0,0,17.28813559322034,0.556667
461,0.28,0.34,6.1,0.000732,0.00012,0.001464,2.0,0,23.389830508474574,0.556667
262,0.28,0.34,6.1,0.000732,0.00012,0.001464,2.0,0,13.220338983050848,0.556667
380,0.28,0.34,6.1,0.000732,0.00012,0.001464,2.0,0,19.322033898305083,0.556667
207,0.28,0.34,6.1,0.000732,0.00012,0.001464,2.0,0,10.169491525423728,0.555
459,0.28,0.34,6.1,0.000732,0.00012,0.001464,2.0,0,22.881355932203387,0.555
492,0.28,0.34,6.1,0.000732,0.00012,0.001464,2.0,0,24.915254237288135,0.555
305,0.28,0.34,6.1,0.000732,0.00012,0.001464,2.0,0,15.254237288135592,0.553333
337,0.28,0.34,6.1,0.000732,0.00012,0.001464,2.0,0,16.779661016949152,0.553333
348,0.28,0.34,6.1,0.000732,0.00012,0.001464,2.0,0,17.28813559322034,0.553333
197,0.28,0.34,6.1,0.000732,0.00012,0.001464,2.0,0,9.661016949152541,0.551667
177,0.28,0.34,6.1,0.000732,0.00012,0.001464,2.0,0,8.64406779661017,0.551667
217,0.28,0.34,6.1,0.000732,0.00012,0.001464,2.0,0,10.677966101694915,0.551667
333,0.28,0.34,6.1,0.000732,0.00012,0.001464,2.0,0,16.779661016949152,0.551667
564,0.28,0.34,6.1,0.000732,0.00012,0.001464,2.0,0,28.47457627118644,0.551667
187,0.28,0.34,6.1,0.000732,0.00012,0.001464,2.0,0,9.152542372881356,0.551667
107,0.28,0.34,6.1,0.000732,0.00012,0.001464,2.0,0,5.084745762711864,0.551667
227,0.28,0.34,6.1,0.000732,0.00012,0.001464,2.0,0,11.1864406779661,0.55
353,0.28,0.34,6.1,0.000732,0.00012,0.001464,2.0,0,17.796610169491526,0.55
147,0.28,0.34,6.1,0.000732,0.00012,0.001464,2.0,0,7.11864406779661,0.55
308,0.28,0.34,6.1,0.000732,0.00012,0.001464,2.0,0,15.254237288135592,0.55
237,0.28,0.34,6.1,0.000732,0.00012,0.001464,2.0,0,11.694915254237287,0.548333
574,0.28,0.34,6.1,0.000732,0.00012,0.001464,2.0,0,28.983050847457626,0.548333
392,0.28,0.34,6.1,0.000732,0.00012,0.001464,2.0,0,19.83050847457627,0.543333
439,0.28,0.34,6.1,0.000732,0.00012,0.001464,2.0,0,21.864406779661017,0.541667
343,0.28,0.34,6.1,0.000732,0.00012,0.001464,2.0,0,17.28813559322034,0.541667
429,0.28,0.34,6.1,0.000732,0.00012,0.001464,2.0,0,21.35593220338983,0.54
322,0.28,0.34,6.1,0.000732,0.00012,0.001464,2.0,0,16.271186440677965,0.54
412,0.28,0.34,6.1,0.000732,0.00012,0.001464,2.0,0,20.847457627118644,0.538333
292,0.28,0.34,6.1,0.000732,0.00012,0.001464,2.0,0,14.745762711864407,0.535
409,0.28,0.34,6.1,0.000732,0.00012,0.001464,2.0,0,20.338983050847457,0.533333
442,0.28,0.34,6.1,0.000732,0.00012,0.001464,2.0,0,22.3728813559322,0.533333
432,0.28,0.34,6.1,0.000732,0.00012,0.001464,2.0,0,21.864406779661017,0.533333
422,0.28,0.34,6.1,0.000732,0.00012,0.001464,2.0,0,21.35593220338983,0.531667
373,0.28,0.34,6.1,0.000732,0.00012,0.001464,2.0,0,18.813559322033896,0.531667
342,0.28,0.34,6.1,0.000732,0.00012,0.001464,2.0,0,17.28813559322034,0.531667
302,0.28,0.34,6.1,0.000732,0.00012,0.001464,2.0,0,15.254237288135592,0.53
312,0.28,0.34,6.1,0.000732,0.00012,0.001464,2.0,0,15.762711864406779,0.53
372,0.28,0.34,6.1,0.000732,0.00012,0.001464,2.0,0,18.813559322033896,0.53
332,0.28,0.34,6.1,0.000732,0.00012,0.001464,2.0,0,16.779661016949152,0.53
362,0.28,0.34,6.1,0.000732,0.00012,0.001464,2.0,0,18.305084745762713,0.53
318,0.28,0.34,6.1,0.000732,0.00012,0.001464,2.0,0,15.762711864406779,0.528333
363,0.28,0.34,6.1,0.000732,0.00012,0.001464,2.0,0,18.305084745762713,0.528333
382,0.28,0.34,6.1,0.000732,0.00012,0.001464,2.0,0,19.322033898305083,0.523333
488,0.28,0.34,6.1,0.000732,0.00012,0.001464,2.0,0,24.406779661016948,0.523333
450,0.28,0.34,6.1,0.000732,0.00012,0.001464,2.0,0,22.881355932203387,0.523333
419,0.28,0.34,6.1,0.000732,0.00012,0.001464,2.0,0,20.847457627118644,0.521667
479,0.28,0.34,6.1,0.000732,0.00012,0.001464,2.0,0,23.89830508474576,0.521667
554,0.28,0.34,6.1,0.000732,0.00012,0.001464,2.0,0,27.966101694915253,0.52
377,0.28,0.34,6.1,0.000732,0.00012,0.001464,2.0,0,18.813559322033896,0.518333
402,0.28,0.34,6.1,0.000732,0.00012,0.001464,2.0,0,20.338983050847457,0.518333
352,0.28,0.34,6.1,0.000732,0.00012,0.001464,2.0,0,17.796610169491526,0.516667
328,0.28,0.34,6.1,0.000732,0.00012,0.001464,2.0,0,16.271186440677965,0.516667
338,0.28,0.34,6.1,0.000732,0.00012,0.001464,2.0,0,16.779661016949152,0.513333
314,0.28,0.34,6.1,0.000732,0.00012,0.001464,2.0,0,15.762711864406779,0.51
544,0.28,0.34,6.1,0.000732,0.00012,0.001464,2.0,0,27.457627118644066,0.505
482,0.28,0.34,6.1,0.000732,0.00012,0.001464,2.0,0,24.406779661016948,0.503333
478,0.28,0.34,6.1,0.000732,0.00012,0.001464,2.0,0,23.89830508474576,0.503333
452,0.28,0.34,6.1,0.000732,0.00012,0.001464,2.0,0,22.881355932203387,0.501667
357,0.28,0.34,6.1,0.000732,0.00012,0.001464,2.0,0,17.796610169491526,0.5
480,0.28,0.34,6.1,0.000732,0.00012,0.001464,2.0,0,24.406779661016948,0.5
334,0.28,0.34,6.1,0.000732,0.00012,0.001464,2.0,0,16.779661016949152,0.5
472,0.28,0.34,6.1,0.000732,0.00012,0.001464,2.0,0,23.89830508474576,0.496667
477,0.28,0.34,6.1,0.000732,0.00012,0.001464,2.0,0,23.89830508474576,0.491667
462,0.28,0.34,6.1,0.000732,0.00012,0.001464,2.0,0,23.389830508474574,0.491667
534,0.28,0.34,6.1,0.000732,0.00012,0.001464,2.0,0,26.94915254237288,0.488333
468,0.28,0.34,6.1,0.000732,0.00012,0.001464,2.0,0,23.389830508474574,0.485
498,0.28,0.34,6.1,0.000732,0.00012,0.001464,2.0,0,24.915254237288135,0.483333
443,0.28,0.34,6.1,0.000732,0.00012,0.001464,2.0,0,22.3728813559322,0.48
390,0.28,0.34,6.1,0.000732,0.00012,0.001464,2.0,0,19.83050847457627,0.475
387,0.28,0.34,6.1,0.000732,0.00012,0.001464,2.0,0,19.322033898305083,0.475
393,0.28,0.34,6.1,0.000732,0.00012,0.001464,2.0,0,19.83050847457627,0.473333
503,0.28,0.34,6.1,0.000732,0.00012,0.001464,2.0,0,25.423728813559322,0.468333
295,0.28,0.34,6.1,0.000732,0.00012,0.001464,2.0,0,14.745762711864407,0.465
493,0.28,0.34,6.1,0.000732,0.00012,0.001464,2.0,0,24.915254237288135,0.463333
428,0.28,0.34,6.1,0.000732,0.00012,0.001464,2.0,0,21.35593220338983,0.46
505,0.28,0.34,6.1,0.000732,0.00012,0.001464,2.0,0,25.423728813559322,0.46
447,0.28,0.34,6.1,0.000732,0.00012,0.001464,2.0,0,22.3728813559322,0.458333
440,0.28,0.34,6.1,0.000732,0.00012,0.001464,2.0,0,22.3728813559322,0.458333
467,0.28,0.34,6.1,0.000732,0.00012,0.001464,2.0,0,23.389830508474574,0.455
324,0.28,0.34,6.1,0.000732,0.00012,0.001464,2.0,0,16.271186440677965,0.453333
430,0.28,0.34,6.1,0.000732,0.00012,0.001464,2.0,0,21.864406779661017,0.451667
418,0.28,0.34,6.1,0.000732,0.00012,0.001464,2.0,0,20.847457627118644,0.45
438,0.28,0.34,6.1,0.000732,0.00012,0.001464,2.0,0,21.864406779661017,0.45
388,0.28,0.34,6.1,0.000732,0.00012,0.001464,2.0,0,19.322033898305083,0.446667
367,0.28,0.34,6.1,0.000732,0.00012,0.001464,2.0,0,18.305084745762713,0.443333
437,0.28,0.34,6.1,0.000732,0.00012,0.001464,2.0,0,21.864406779661017,0.443333
524,0.28,0.34,6.1,0.000732,0.00012,0.001464,2.0,0,26.440677966101696,0.44
408,0.28,0.34,6.1,0.000732,0.00012,0.001464,2.0,0,20.338983050847457,0.438333
397,0.28,0.34,6.1,0.000732,0.00012,0.001464,2.0,0,19.83050847457627,0.435
355,0.28,0.34,6.1,0.000732,0.00012,0.001464,2.0,0,17.796610169491526,0.43
458,0.28,0.34,6.1,0.000732,0.00012,0.001464,2.0,0,22.881355932203387,0.428333
514,0.28,0.34,6.1,0.000732,0.00012,0.001464,2.0,0,25.93220338983051,0.42
344,0.28,0.34,6.1,0.000732,0.00012,0.001464,2.0,0,17.28813559322034,0.418333
413,0.28,0.34,6.1,0.000732,0.00012,0.001464,2.0,0,20.847457627118644,0.416667
315,0.28,0.34,6.1,0.000732,0.00012,0.001464,2.0,0,15.762711864406779,0.415
473,0.28,0.34,6.1,0.000732,0.00012,0.001464,2.0,0,23.89830508474576,0.41
483,0.28,0.34,6.1,0.000732,0.00012,0.001464,2.0,0,24.406779661016948,0.408333
495,0.28,0.34,6.1,0.000732,0.00012,0.001464,2.0,0,24.915254237288135,0.401667
515,0.28,0.34,6.1,0.000732,0.00012,0.001464,2.0,0,25.93220338983051,0.396667
475,0.28,0.34,6.1,0.000732,0.00012,0.001464,2.0,0,23.89830508474576,0.396667
494,0.28,0.34,6.1,0.000732,0.00012,0.001464,2.0,0,24.915254237288135,0.396667
465,0.28,0.34,6.1,0.000732,0.00012,0.001464,2.0,0,23.389830508474574,0.395
485,0.28,0.34,6.1,0.000732,0.00012,0.001464,2.0,0,24.406779661016948,0.393333
504,0.28,0.34,6.1,0.000732,0.00012,0.001464,2.0,0,25.423728813559322,0.39
455,0.28,0.34,6.1,0.000732,0.00012,0.001464,2.0,0,22.881355932203387,0.388333
463,0.28,0.34,6.1,0.000732,0.00012,0.001464,2.0,0,23.389830508474574,0.385
407,0.28,0.34,6.1,0.000732,0.00012,0.001464,2.0,0,20.338983050847457,0.385
445,0.28,0.34,6.1,0.000732,0.00012,0.001464,2.0,0,22.3728813559322,0.381667
425,0.28,0.34,6.1,0.000732,0.00012,0.001464,2.0,0,21.35593220338983,0.38
415,0.28,0.34,6.1,0.000732,0.00012,0.001464,2.0,0,20.847457627118644,0.378333
435,0.28,0.34,6.1,0.000732,0.00012,0.001464,2.0,0,21.864406779661017,0.375
423,0.28,0.34,6.1,0.000732,0.00012,0.001464,2.0,0,21.35593220338983,0.375
484,0.28,0.34,6.1,0.000732,0.00012,0.001464,2.0,0,24.406779661016948,0.373333
383,0.28,0.34,6.1,0.000732,0.00012,0.001464,2.0,0,19.322033898305083,0.358333
335,0.28,0.34,6.1,0.000732,0.00012,0.001464,2.0,0,16.779661016949152,0.35
405,0.28,0.34,6.1,0.000732,0.00012,0.001464,2.0,0,20.338983050847457,0.35
375,0.28,0.34,6.1,0.000732,0.00012,0.001464,2.0,0,18.813559322033896,0.35
345,0.28,0.34,6.1,0.000732,0.00012,0.001464,2.0,0,17.28813559322034,0.35
365,0.28,0.34,6.1,0.000732,0.00012,0.001464,2.0,0,18.305084745762713,0.35
325,0.28,0.34,6.1,0.000732,0.00012,0.001464,2.0,0,16.271186440677965,0.35
395,0.28,0.34,6.1,0.000732,0.00012,0.001464,2.0,0,19.83050847457627,0.35
385,0.28,0.34,6.1,0.000732,0.00012,0.001464,2.0,0,19.322033898305083,0.35
398,0.28,0.34,6.1,0.000732,0.00012,0.001464,2.0,0,19.83050847457627,0.345
414,0.28,0.34,6.1,0.000732,0.00012,0.001464,2.0,0,20.847457627118644,0.345
433,0.28,0.34,6.1,0.000732,0.00012,0.001464,2.0,0,21.864406779661017,0.345
474,0.28,0.34,6.1,0.000732,0.00012,0.001464,2.0,0,23.89830508474576,0.341667
354,0.28,0.34,6.1,0.000732,0.00012,0.001464,2.0,0,17.796610169491526,0.341667
403,0.28,0.34,6.1,0.000732,0.00012,0.001464,2.0,0,20.338983050847457,0.336667
453,0.28,0.34,6.1,0.000732,0.00012,0.001464,2.0,0,22.881355932203387,0.333333
404,0.28,0.34,6.1,0.000732,0.00012,0.001464,2.0,0,20.338983050847457,0.331667
454,0.28,0.34,6.1,0.000732,0.00012,0.001464,2.0,0,22.881355932203387,0.331667
444,0.28,0.34,6.1,0.000732,0.00012,0.001464,2.0,0,22.3728813559322,0.331667
364,0.28,0.34,6.1,0.000732,0.00012,0.001464,2.0,0,18.305084745762713,0.331667
374,0.28,0.34,6.1,0.000732,0.00012,0.001464,2.0,0,18.813559322033896,0.331667
424,0.28,0.34,6.1,0.000732,0.00012,0.001464,2.0,0,21.35593220338983,0.331667
394,0.28,0.34,6.1,0.000732,0.00012,0.001464,2.0,0,19.83050847457627,0.331667
384,0.28,0.34,6.1,0.000732,0.00012,0.001464,2.0,0,19.322033898305083,0.331667
464,0.28,0.34,6.1,0.000732,0.00012,0.001464,2.0,0,23.389830508474574,0.331667
434,0.28,0.34,6.1,0.000732,0.00012,0.001464,2.0,0,21.864406779661017,0.331667
358,0.28,0.34,6.1,0.000732,0.00012,0.001464,2.0,0,17.796610169491526,0.328333
378,0.28,0.34,6.1,0.000732,0.00012,0.001464,2.0,0,18.813559322033896,0.328333
448,0.28,0.34,6.1,0.000732,0.00012,0.001464,2.0,0,22.3728813559322,0.328333
368,0.28,0.34,6.1,0.000732,0.00012,0.001464,2.0,0,18.305084745762713,0.328333
