run_id,ga,gsom,l1,l2,l2_mul,ip1,ip1_mul,l_pi,learning_lag,tau_0,test accuracy
75,0.28,0.34,6.1,0.000732,0.00012,0.001464,2.0,0,0,4.0,0.698333
55,0.28,0.34,6.1,0.000732,0.00012,0.001464,2.0,0,0,3.0,0.696667
71,0.28,0.34,6.1,0.000732,0.00012,0.001464,2.0,0,0,4.0,0.676667
65,0.28,0.34,6.1,0.000732,0.00012,0.001464,2.0,0,0,3.5,0.675
61,0.28,0.34,6.1,0.000732,0.00012,0.001464,2.0,0,0,3.5,0.671667
48,0.28,0.34,6.1,0.000732,0.00012,0.001464,2.0,0,0,2.5,0.666667
38,0.28,0.34,6.1,0.000732,0.00012,0.001464,2.0,0,0,2.0,0.665
85,0.28,0.34,6.1,0.000732,0.00012,0.001464,2.0,0,0,4.5,0.665
95,0.28,0.34,6.1,0.000732,0.00012,0.001464,2.0,0,0,5.0,0.665
67,0.28,0.34,6.1,0.000732,0.00012,0.001464,2.0,0,0,3.5,0.665
88,0.28,0.34,6.1,0.000732,0.00012,0.001464,2.0,0,0,4.5,0.658333
241,0.28,0.34,6.1,0.000732,0.00012,0.001464,2.0,0,0,12.5,0.656667
68,0.28,0.34,6.1,0.000732,0.00012,0.001464,2.0,0,0,3.5,0.655
58,0.28,0.34,6.1,0.000732,0.00012,0.001464,2.0,0,0,3.0,0.655
51,0.28,0.34,6.1,0.000732,0.00012,0.001464,2.0,0,0,3.0,0.655
45,0.28,0.34,6.1,0.000732,0.00012,0.001464,2.0,0,0,2.5,0.653333
78,0.28,0.34,6.1,0.000732,0.00012,0.001464,2.0,0,0,4.0,0.653333
41,0.28,0.34,6.1,0.000732,0.00012,0.001464,2.0,0,0,2.5,0.653333
79,0.28,0.34,6.1,0.000732,0.00012,0.001464,2.0,0,0,4.0,0.651667
191,0.28,0.34,6.1,0.000732,0.00012,0.001464,2.0,0,0,10.0,0.648333
63,0.28,0.34,6.1,0.000732,0.00012,0.001464,2.0,0,0,3.5,0.646667
105,0.28,0.34,6.1,0.000732,0.00012,0.001464,2.0,0,0,5.5,0.641667
90,0.28,0.34,6.1,0.000732,0.00012,0.001464,2.0,0,0,5.0,0.636667
80,0.28,0.34,6.1,0.000732,0.00012,0.001464,2.0,0,0,4.5,0.636667
100,0.28,0.34,6.1,0.000732,0.00012,0.001464,2.0,0,0,5.5,0.635
261,0.28,0.34,6.1,0.000732,0.00012,0.001464,2.0,0,0,13.5,0.633333
29,0.28,0.34,6.1,0.000732,0.00012,0.001464,2.0,0,0,1.5,0.633333
77,0.28,0.34,6.1,0.000732,0.00012,0.001464,2.0,0,0,4.0,0.631667
69,0.28,0.34,6.1,0.000732,0.00012,0.001464,2.0,0,0,3.5,0.63
39,0.28,0.34,6.1,0.000732,0.00012,0.001464,2.0,0,0,2.0,0.63
70,0.28,0.34,6.1,0.000732,0.00012,0.001464,2.0,0,0,4.0,0.626667
89,0.28,0.34,6.1,0.000732,0.00012,0.001464,2.0,0,0,4.5,0.626667
50,0.28,0.34,6.1,0.000732,0.00012,0.001464,2.0,0,0,3.0,0.625
31,0.28,0.34,6.1,0.000732,0.00012,0.001464,2.0,0,0,2.0,0.623333
471,0.28,0.34,6.1,0.000732,0.00012,0.001464,2.0,0,0,24.0,0.623333
109,0.28,0.34,6.1,0.000732,0.00012,0.001464,2.0,0,0,5.5,0.623333
110,0.28,0.34,6.1,0.000732,0.00012,0.001464,2.0,0,0,6.0,0.621667
49,0.28,0.34,6.1,0.000732,0.00012,0.001464,2.0,0,0,2.5,0.621667
60,0.28,0.34,6.1,0.000732,0.00012,0.001464,2.0,0,0,3.5,0.621667
35,0.28,0.34,6.1,0.000732,0.00012,0.001464,2.0,0,0,2.0,0.62
9,0.28,0.34,6.1,0.000732,0.00012,0.001464,2.0,0,0,0.5,0.62
8,0.28,0.34,6.1,0.000732,0.00012,0.001464,2.0,0,0,0.5,0.62
28,0.28,0.34,6.1,0.000732,0.00012,0.001464,2.0,0,0,1.5,0.618333
151,0.28,0.34,6.1,0.000732,0.00012,0.001464,2.0,0,0,8.0,0.618333
99,0.28,0.34,6.1,0.000732,0.00012,0.001464,2.0,0,0,5.0,0.616667
1,0.28,0.34,6.1,0.000732,0.00012,0.001464,2.0,0,0,0.5,0.615
119,0.28,0.34,6.1,0.000732,0.00012,0.001464,2.0,0,0,6.0,0.613333
101,0.28,0.34,6.1,0.000732,0.00012,0.001464,2.0,0,0,5.5,0.613333
40,0.28,0.34,6.1,0.000732,0.00012,0.001464,2.0,0,0,2.5,0.613333
59,0.28,0.34,6.1,0.000732,0.00012,0.001464,2.0,0,0,3.0,0.613333
121,0.28,0.34,6.1,0.000732,0.00012,0.001464,2.0,0,0,6.5,0.613333
221,0.28,0.34,6.1,0.000732,0.00012,0.001464,2.0,0,0,11.5,0.61
30,0.28,0.34,6.1,0.000732,0.00012,0.001464,2.0,0,0,2.0,0.61
81,0.28,0.34,6.1,0.000732,0.00012,0.001464,2.0,0,0,4.5,0.606667
20,0.28,0.34,6.1,0.000732,0.00012,0.001464,2.0,0,0,1.5,0.603333
111,0.28,0.34,6.1,0.000732,0.00012,0.001464,2.0,0,0,6.0,0.603333
120,0.28,0.34,6.1,0.000732,0.00012,0.001464,2.0,0,0,6.5,0.6
19,0.28,0.34,6.1,0.000732,0.00012,0.001464,2.0,0,0,1.0,0.598333
12,0.28,0.34,6.1,0.000732,0.00012,0.001464,2.0,0,0,1.0,0.598333
10,0.28,0.34,6.1,0.000732,0.00012,0.001464,2.0,0,0,1.0,0.596667
84,0.28,0.34,6.1,0.000732,0.00012,0.001464,2.0,0,0,4.5,0.595
54,0.28,0.34,6.1,0.000732,0.00012,0.001464,2.0,0,0,3.0,0.595
57,0.28,0.34,6.1,0.000732,0.00012,0.001464,2.0,0,0,3.0,0.595
44,0.28,0.34,6.1,0.000732,0.00012,0.001464,2.0,0,0,2.5,0.595
139,0.28,0.34,6.1,0.000732,0.00012,0.001464,2.0,0,0,7.0,0.595
64,0.28,0.34,6.1,0.000732,0.00012,0.001464,2.0,0,0,3.5,0.593333
22,0.28,0.34,6.1,0.000732,0.00012,0.001464,2.0,0,0,1.5,0.593333
0,0.28,0.34,6.1,0.000732,0.00012,0.001464,2.0,0,0,0.5,0.593333
115,0.28,0.34,6.1,0.000732,0.00012,0.001464,2.0,0,0,6.0,0.591667
130,0.28,0.34,6.1,0.000732,0.00012,0.001464,2.0,0,0,7.0,0.591667
74,0.28,0.34,6.1,0.000732,0.00012,0.001464,2.0,0,0,4.0,0.591667
47,0.28,0.34,6.1,0.000732,0.00012,0.001464,2.0,0,0,2.5,0.59
4,0.28,0.34,6.1,0.000732,0.00012,0.001464,2.0,0,0,0.5,0.59
34,0.28,0.34,6.1,0.000732,0.00012,0.001464,2.0,0,0,2.0,0.588333
140,0.28,0.34,6.1,0.000732,0.00012,0.001464,2.0,0,0,7.5,0.588333
24,0.28,0.34,6.1,0.000732,0.00012,0.001464,2.0,0,0,1.5,0.588333
86,0.28,0.34,6.1,0.000732,0.00012,0.001464,2.0,0,0,4.5,0.586667
87,0.28,0.34,6.1,0.000732,0.00012,0.001464,2.0,0,0,4.5,0.585
11,0.28,0.34,6.1,0.000732,0.00012,0.001464,2.0,0,0,1.0,0.585
21,0.28,0.34,6.1,0.000732,0.00012,0.001464,2.0,0,0,1.5,0.585
3,0.28,0.34,6.1,0.000732,0.00012,0.001464,2.0,0,0,0.5,0.585
56,0.28,0.34,6.1,0.000732,0.00012,0.001464,2.0,0,0,3.0,0.583333
66,0.28,0.34,6.1,0.000732,0.00012,0.001464,2.0,0,0,3.5,0.583333
7,0.28,0.34,6.1,0.000732,0.00012,0.001464,2.0,0,0,0.5,0.583333
62,0.28,0.34,6.1,0.000732,0.00012,0.001464,2.0,0,0,3.5,0.581667
281,0.28,0.34,6.1,0.000732,0.00012,0.001464,2.0,0,0,14.5,0.58
32,0.28,0.34,6.1,0.000732,0.00012,0.001464,2.0,0,0,2.0,0.58
91,0.28,0.34,6.1,0.000732,0.00012,0.001464,2.0,0,0,5.0,0.58
14,0.28,0.34,6.1,0.000732,0.00012,0.001464,2.0,0,0,1.0,0.58
13,0.28,0.34,6.1,0.000732,0.00012,0.001464,2.0,0,0,1.0,0.578333
17,0.28,0.34,6.1,0.000732,0.00012,0.001464,2.0,0,0,1.0,0.576667
43,0.28,0.34,6.1,0.000732,0.00012,0.001464,2.0,0,0,2.5,0.576667
33,0.28,0.34,6.1,0.000732,0.00012,0.001464,2.0,0,0,2.0,0.573333
211,0.28,0.34,6.1,0.000732,0.00012,0.001464,2.0,0,0,11.0,0.573333
52,0.28,0.34,6.1,0.000732,0.00012,0.001464,2.0,0,0,3.0,0.571667
37,0.28,0.34,6.1,0.000732,0.00012,0.001464,2.0,0,0,2.0,0.571667
42,0.28,0.34,6.1,0.000732,0.00012,0.001464,2.0,0,0,2.5,0.571667
53,0.28,0.34,6.1,0.000732,0.00012,0.001464,2.0,0,0,3.0,0.571667
18,0.28,0.34,6.1,0.000732,0.00012,0.001464,2.0,0,0,1.0,0.571667
160,0.28,0.34,6.1,0.000732,0.00012,0.001464,2.0,0,0,8.5,0.571667
76,0.28,0.34,6.1,0.000732,0.00012,0.001464,2.0,0,0,4.0,0.57
73,0.28,0.34,6.1,0.000732,0.00012,0.001464,2.0,0,0,4.0,0.568333
83,0.28,0.34,6.1,0.000732,0.00012,0.001464,2.0,0,0,4.5,0.568333
141,0.28,0.34,6.1,0.000732,0.00012,0.001464,2.0,0,0,7.5,0.568333
2,0.28,0.34,6.1,0.000732,0.00012,0.001464,2.0,0,0,0.5,0.566667
98,0.28,0.34,6.1,0.000732,0.00012,0.001464,2.0,0,0,5.0,0.566667
108,0.28,0.34,6.1,0.000732,0.00012,0.001464,2.0,0,0,5.5,0.566667
23,0.28,0.34,6.1,0.000732,0.00012,0.001464,2.0,0,0,1.5,0.566667
46,0.28,0.34,6.1,0.000732,0.00012,0.001464,2.0,0,0,2.5,0.566667
6,0.28,0.34,6.1,0.000732,0.00012,0.001464,2.0,0,0,0.5,0.565
201,0.28,0.34,6.1,0.000732,0.00012,0.001464,2.0,0,0,10.5,0.565
125,0.28,0.34,6.1,0.000732,0.00012,0.001464,2.0,0,0,6.5,0.565
200,0.28,0.34,6.1,0.000732,0.00012,0.001464,2.0,0,0,10.5,0.563333
131,0.28,0.34,6.1,0.000732,0.00012,0.001464,2.0,0,0,7.0,0.563333
36,0.28,0.34,6.1,0.000732,0.00012,0.001464,2.0,0,0,2.0,0.563333
96,0.28,0.34,6.1,0.000732,0.00012,0.001464,2.0,0,0,5.0,0.561667
150,0.28,0.34,6.1,0.000732,0.00012,0.001464,2.0,0,0,8.0,0.558333
26,0.28,0.34,6.1,0.000732,0.00012,0.001464,2.0,0,0,1.5,0.558333
106,0.28,0.34,6.1,0.000732,0.00012,0.001464,2.0,0,0,5.5,0.555
72,0.28,0.34,6.1,0.000732,0.00012,0.001464,2.0,0,0,4.0,0.555
16,0.28,0.34,6.1,0.000732,0.00012,0.001464,2.0,0,0,1.0,0.553333
116,0.28,0.34,6.1,0.000732,0.00012,0.001464,2.0,0,0,6.0,0.55
250,0.28,0.34,6.1,0.000732,0.00012,0.001464,2.0,0,0,13.0,0.548333
126,0.28,0.34,6.1,0.000732,0.00012,0.001464,2.0,0,0,6.5,0.546667
27,0.28,0.34,6.1,0.000732,0.00012,0.001464,2.0,0,0,1.5,0.546667
180,0.28,0.34,6.1,0.000732,0.00012,0.001464,2.0,0,0,9.5,0.543333
146,0.28,0.34,6.1,0.000732,0.00012,0.001464,2.0,0,0,7.5,0.543333
93,0.28,0.34,6.1,0.000732,0.00012,0.001464,2.0,0,0,5.0,0.541667
5,0.28,0.34,6.1,0.000732,0.00012,0.001464,2.0,0,0,0.5,0.541667
170,0.28,0.34,6.1,0.000732,0.00012,0.001464,2.0,0,0,9.0,0.54
94,0.28,0.34,6.1,0.000732,0.00012,0.001464,2.0,0,0,5.0,0.535
220,0.28,0.34,6.1,0.000732,0.00012,0.001464,2.0,0,0,11.5,0.533333
25,0.28,0.34,6.1,0.000732,0.00012,0.001464,2.0,0,0,1.5,0.531667
270,0.28,0.34,6.1,0.000732,0.00012,0.001464,2.0,0,0,14.0,0.531667
82,0.28,0.34,6.1,0.000732,0.00012,0.001464,2.0,0,0,4.5,0.531667
114,0.28,0.34,6.1,0.000732,0.00012,0.001464,2.0,0,0,6.0,0.531667
210,0.28,0.34,6.1,0.000732,0.00012,0.001464,2.0,0,0,11.0,0.53
251,0.28,0.34,6.1,0.000732,0.00012,0.001464,2.0,0,0,13.0,0.53
103,0.28,0.34,6.1,0.000732,0.00012,0.001464,2.0,0,0,5.5,0.528333
92,0.28,0.34,6.1,0.000732,0.00012,0.001464,2.0,0,0,5.0,0.526667
136,0.28,0.34,6.1,0.000732,0.00012,0.001464,2.0,0,0,7.0,0.523333
15,0.28,0.34,6.1,0.000732,0.00012,0.001464,2.0,0,0,1.0,0.521667
161,0.28,0.34,6.1,0.000732,0.00012,0.001464,2.0,0,0,8.5,0.52
97,0.28,0.34,6.1,0.000732,0.00012,0.001464,2.0,0,0,5.0,0.52
179,0.28,0.34,6.1,0.000732,0.00012,0.001464,2.0,0,0,9.0,0.518333
166,0.28,0.34,6.1,0.000732,0.00012,0.001464,2.0,0,0,8.5,0.518333
176,0.28,0.34,6.1,0.000732,0.00012,0.001464,2.0,0,0,9.0,0.516667
156,0.28,0.34,6.1,0.000732,0.00012,0.001464,2.0,0,0,8.0,0.516667
102,0.28,0.34,6.1,0.000732,0.00012,0.001464,2.0,0,0,5.5,0.508333
181,0.28,0.34,6.1,0.000732,0.00012,0.001464,2.0,0,0,9.5,0.506667
290,0.28,0.34,6.1,0.000732,0.00012,0.001464,2.0,0,0,15.0,0.506667
190,0.28,0.34,6.1,0.000732,0.00012,0.001464,2.0,0,0,10.0,0.506667
260,0.28,0.34,6.1,0.000732,0.00012,0.001464,2.0,0,0,13.5,0.506667
112,0.28,0.34,6.1,0.000732,0.00012,0.001464,2.0,0,0,6.0,0.505
107,0.28,0.34,6.1,0.000732,0.00012,0.001464,2.0,0,0,5.5,0.501667
186,0.28,0.34,6.1,0.000732,0.00012,0.001464,2.0,0,0,9.5,0.501667
118,0.28,0.34,6.1,0.000732,0.00012,0.001464,2.0,0,0,6.0,0.498333
171,0.28,0.34,6.1,0.000732,0.00012,0.001464,2.0,0,0,9.0,0.498333
129,0.28,0.34,6.1,0.000732,0.00012,0.001464,2.0,0,0,6.5,0.498333
113,0.28,0.34,6.1,0.000732,0.00012,0.001464,2.0,0,0,6.0,0.496667
122,0.28,0.34,6.1,0.000732,0.00012,0.001464,2.0,0,0,6.5,0.491667
149,0.28,0.34,6.1,0.000732,0.00012,0.001464,2.0,0,0,7.5,0.49
159,0.28,0.34,6.1,0.000732,0.00012,0.001464,2.0,0,0,8.0,0.488333
341,0.28,0.34,6.1,0.000732,0.00012,0.001464,2.0,0,0,17.5,0.488333
280,0.28,0.34,6.1,0.000732,0.00012,0.001464,2.0,0,0,14.5,0.485
177,0.28,0.34,6.1,0.000732,0.00012,0.001464,2.0,0,0,9.0,0.483333
196,0.28,0.34,6.1,0.000732,0.00012,0.001464,2.0,0,0,10.0,0.483333
189,0.28,0.34,6.1,0.000732,0.00012,0.001464,2.0,0,0,9.5,0.48
169,0.28,0.34,6.1,0.000732,0.00012,0.001464,2.0,0,0,8.5,0.48
104,0.28,0.34,6.1,0.000732,0.00012,0.001464,2.0,0,0,5.5,0.473333
137,0.28,0.34,6.1,0.000732,0.00012,0.001464,2.0,0,0,7.0,0.47
132,0.28,0.34,6.1,0.000732,0.00012,0.001464,2.0,0,0,7.0,0.466667
199,0.28,0.34,6.1,0.000732,0.00012,0.001464,2.0,0,0,10.0,0.461667
231,0.28,0.34,6.1,0.000732,0.00012,0.001464,2.0,0,0,12.0,0.461667
135,0.28,0.34,6.1,0.000732,0.00012,0.001464,2.0,0,0,7.0,0.46
229,0.28,0.34,6.1,0.000732,0.00012,0.001464,2.0,0,0,11.5,0.46
167,0.28,0.34,6.1,0.000732,0.00012,0.001464,2.0,0,0,8.5,0.46
143,0.28,0.34,6.1,0.000732,0.00012,0.001464,2.0,0,0,7.5,0.46
123,0.28,0.34,6.1,0.000732,0.00012,0.001464,2.0,0,0,6.5,0.456667
117,0.28,0.34,6.1,0.000732,0.00012,0.001464,2.0,0,0,6.0,0.455
310,0.28,0.34,6.1,0.000732,0.00012,0.001464,2.0,0,0,16.0,0.453333
249,0.28,0.34,6.1,0.000732,0.00012,0.001464,2.0,0,0,12.5,0.453333
481,0.28,0.34,6.1,0.000732,0.00012,0.001464,2.0,0,0,24.5,0.451667
491,0.28,0.34,6.1,0.000732,0.00012,0.001464,2.0,0,0,25.0,0.451667
133,0.28,0.34,6.1,0.000732,0.00012,0.001464,2.0,0,0,7.0,0.45
219,0.28,0.34,6.1,0.000732,0.00012,0.001464,2.0,0,0,11.0,0.448333
209,0.28,0.34,6.1,0.000732,0.00012,0.001464,2.0,0,0,10.5,0.446667
340,0.28,0.34,6.1,0.000732,0.00012,0.001464,2.0,0,0,17.5,0.441667
239,0.28,0.34,6.1,0.000732,0.00012,0.001464,2.0,0,0,12.0,0.44
128,0.28,0.34,6.1,0.000732,0.00012,0.001464,2.0,0,0,6.5,0.44
142,0.28,0.34,6.1,0.000732,0.00012,0.001464,2.0,0,0,7.5,0.438333
236,0.28,0.34,6.1,0.000732,0.00012,0.001464,2.0,0,0,12.0,0.433333
370,0.28,0.34,6.1,0.000732,0.00012,0.001464,2.0,0,0,19.0,0.43
134,0.28,0.34,6.1,0.000732,0.00012,0.001464,2.0,0,0,7.0,0.43
157,0.28,0.34,6.1,0.000732,0.00012,0.001464,2.0,0,0,8.0,0.428333
127,0.28,0.34,6.1,0.000732,0.00012,0.001464,2.0,0,0,6.5,0.421667
144,0.28,0.34,6.1,0.000732,0.00012,0.001464,2.0,0,0,7.5,0.42
145,0.28,0.34,6.1,0.000732,0.00012,0.001464,2.0,0,0,7.5,0.42
240,0.28,0.34,6.1,0.000732,0.00012,0.001464,2.0,0,0,12.5,0.418333
147,0.28,0.34,6.1,0.000732,0.00012,0.001464,2.0,0,0,7.5,0.418333
187,0.28,0.34,6.1,0.000732,0.00012,0.001464,2.0,0,0,9.5,0.418333
271,0.28,0.34,6.1,0.000732,0.00012,0.001464,2.0,0,0,14.0,0.416667
153,0.28,0.34,6.1,0.000732,0.00012,0.001464,2.0,0,0,8.0,0.411667
227,0.28,0.34,6.1,0.000732,0.00012,0.001464,2.0,0,0,11.5,0.411667
346,0.28,0.34,6.1,0.000732,0.00012,0.001464,2.0,0,0,17.5,0.408333
206,0.28,0.34,6.1,0.000732,0.00012,0.001464,2.0,0,0,10.5,0.403333
163,0.28,0.34,6.1,0.000732,0.00012,0.001464,2.0,0,0,8.5,0.4
124,0.28,0.34,6.1,0.000732,0.00012,0.001464,2.0,0,0,6.5,0.398333
233,0.28,0.34,6.1,0.000732,0.00012,0.001464,2.0,0,0,12.0,0.393333
138,0.28,0.34,6.1,0.000732,0.00012,0.001464,2.0,0,0,7.0,0.386667
226,0.28,0.34,6.1,0.000732,0.00012,0.001464,2.0,0,0,11.5,0.381667
291,0.28,0.34,6.1,0.000732,0.00012,0.001464,2.0,0,0,15.0,0.38
165,0.28,0.34,6.1,0.000732,0.00012,0.001464,2.0,0,0,8.5,0.38
350,0.28,0.34,6.1,0.000732,0.00012,0.001464,2.0,0,0,18.0,0.376667
173,0.28,0.34,6.1,0.000732,0.00012,0.001464,2.0,0,0,9.0,0.376667
155,0.28,0.34,6.1,0.000732,0.00012,0.001464,2.0,0,0,8.0,0.373333
230,0.28,0.34,6.1,0.000732,0.00012,0.001464,2.0,0,0,12.0,0.371667
216,0.28,0.34,6.1,0.000732,0.00012,0.001464,2.0,0,0,11.0,0.37
183,0.28,0.34,6.1,0.000732,0.00012,0.001464,2.0,0,0,9.5,0.368333
223,0.28,0.34,6.1,0.000732,0.00012,0.001464,2.0,0,0,11.5,0.366667
376,0.28,0.34,6.1,0.000732,0.00012,0.001464,2.0,0,0,19.0,0.366667
259,0.28,0.34,6.1,0.000732,0.00012,0.001464,2.0,0,0,13.0,0.365
203,0.28,0.34,6.1,0.000732,0.00012,0.001464,2.0,0,0,10.5,0.365
309,0.28,0.34,6.1,0.000732,0.00012,0.001464,2.0,0,0,15.5,0.363333
279,0.28,0.34,6.1,0.000732,0.00012,0.001464,2.0,0,0,14.0,0.363333
409,0.28,0.34,6.1,0.000732,0.00012,0.001464,2.0,0,0,20.5,0.363333
399,0.28,0.34,6.1,0.000732,0.00012,0.001464,2.0,0,0,20.0,0.363333
419,0.28,0.34,6.1,0.000732,0.00012,0.001464,2.0,0,0,21.0,0.363333
299,0.28,0.34,6.1,0.000732,0.00012,0.001464,2.0,0,0,15.0,0.363333
339,0.28,0.34,6.1,0.000732,0.00012,0.001464,2.0,0,0,17.0,0.363333
479,0.28,0.34,6.1,0.000732,0.00012,0.001464,2.0,0,0,24.0,0.363333
289,0.28,0.34,6.1,0.000732,0.00012,0.001464,2.0,0,0,14.5,0.363333
429,0.28,0.34,6.1,0.000732,0.00012,0.001464,2.0,0,0,21.5,0.363333
449,0.28,0.34,6.1,0.000732,0.00012,0.001464,2.0,0,0,22.5,0.363333
459,0.28,0.34,6.1,0.000732,0.00012,0.001464,2.0,0,0,23.0,0.363333
439,0.28,0.34,6.1,0.000732,0.00012,0.001464,2.0,0,0,22.0,0.363333
359,0.28,0.34,6.1,0.000732,0.00012,0.001464,2.0,0,0,18.0,0.363333
489,0.28,0.34,6.1,0.000732,0.00012,0.001464,2.0,0,0,24.5,0.363333
379,0.28,0.34,6.1,0.000732,0.00012,0.001464,2.0,0,0,19.0,0.363333
499,0.28,0.34,6.1,0.000732,0.00012,0.001464,2.0,0,0,25.0,0.363333
269,0.28,0.34,6.1,0.000732,0.00012,0.001464,2.0,0,0,13.5,0.363333
369,0.28,0.34,6.1,0.000732,0.00012,0.001464,2.0,0,0,18.5,0.363333
389,0.28,0.34,6.1,0.000732,0.00012,0.001464,2.0,0,0,19.5,0.363333
329,0.28,0.34,6.1,0.000732,0.00012,0.001464,2.0,0,0,16.5,0.363333
319,0.28,0.34,6.1,0.000732,0.00012,0.001464,2.0,0,0,16.0,0.363333
213,0.28,0.34,6.1,0.000732,0.00012,0.001464,2.0,0,0,11.0,0.363333
349,0.28,0.34,6.1,0.000732,0.00012,0.001464,2.0,0,0,17.5,0.363333
469,0.28,0.34,6.1,0.000732,0.00012,0.001464,2.0,0,0,23.5,0.363333
253,0.28,0.34,6.1,0.000732,0.00012,0.001464,2.0,0,0,13.0,0.361667
185,0.28,0.34,6.1,0.000732,0.00012,0.001464,2.0,0,0,9.5,0.358333
197,0.28,0.34,6.1,0.000732,0.00012,0.001464,2.0,0,0,10.0,0.356667
417,0.28,0.34,6.1,0.000732,0.00012,0.001464,2.0,0,0,21.0,0.356667
367,0.28,0.34,6.1,0.000732,0.00012,0.001464,2.0,0,0,18.5,0.356667
407,0.28,0.34,6.1,0.000732,0.00012,0.001464,2.0,0,0,20.5,0.356667
207,0.28,0.34,6.1,0.000732,0.00012,0.001464,2.0,0,0,10.5,0.356667
257,0.28,0.34,6.1,0.000732,0.00012,0.001464,2.0,0,0,13.0,0.356667
347,0.28,0.34,6.1,0.000732,0.00012,0.001464,2.0,0,0,17.5,0.356667
317,0.28,0.34,6.1,0.000732,0.00012,0.001464,2.0,0,0,16.0,0.356667
307,0.28,0.34,6.1,0.000732,0.00012,0.001464,2.0,0,0,15.5,0.356667
447,0.28,0.34,6.1,0.000732,0.00012,0.001464,2.0,0,0,22.5,0.356667
277,0.28,0.34,6.1,0.000732,0.00012,0.001464,2.0,0,0,14.0,0.356667
487,0.28,0.34,6.1,0.000732,0.00012,0.001464,2.0,0,0,24.5,0.356667
247,0.28,0.34,6.1,0.000732,0.00012,0.001464,2.0,0,0,12.5,0.356667
297,0.28,0.34,6.1,0.000732,0.00012,0.001464,2.0,0,0,15.0,0.356667
217,0.28,0.34,6.1,0.000732,0.00012,0.001464,2.0,0,0,11.0,0.356667
337,0.28,0.34,6.1,0.000732,0.00012,0.001464,2.0,0,0,17.0,0.356667
467,0.28,0.34,6.1,0.000732,0.00012,0.001464,2.0,0,0,23.5,0.356667
377,0.28,0.34,6.1,0.000732,0.00012,0.001464,2.0,0,0,19.0,0.356667
387,0.28,0.34,6.1,0.000732,0.00012,0.001464,2.0,0,0,19.5,0.356667
437,0.28,0.34,6.1,0.000732,0.00012,0.001464,2.0,0,0,22.0,0.356667
357,0.28,0.34,6.1,0.000732,0.00012,0.001464,2.0,0,0,18.0,0.356667
427,0.28,0.34,6.1,0.000732,0.00012,0.001464,2.0,0,0,21.5,0.356667
267,0.28,0.34,6.1,0.000732,0.00012,0.001464,2.0,0,0,13.5,0.356667
237,0.28,0.34,6.1,0.000732,0.00012,0.001464,2.0,0,0,12.0,0.356667
477,0.28,0.34,6.1,0.000732,0.00012,0.001464,2.0,0,0,24.0,0.356667
497,0.28,0.34,6.1,0.000732,0.00012,0.001464,2.0,0,0,25.0,0.356667
397,0.28,0.34,6.1,0.000732,0.00012,0.001464,2.0,0,0,20.0,0.356667
287,0.28,0.34,6.1,0.000732,0.00012,0.001464,2.0,0,0,14.5,0.356667
327,0.28,0.34,6.1,0.000732,0.00012,0.001464,2.0,0,0,16.5,0.356667
457,0.28,0.34,6.1,0.000732,0.00012,0.001464,2.0,0,0,23.0,0.356667
316,0.28,0.34,6.1,0.000732,0.00012,0.001464,2.0,0,0,16.0,0.355
386,0.28,0.34,6.1,0.000732,0.00012,0.001464,2.0,0,0,19.5,0.355
326,0.28,0.34,6.1,0.000732,0.00012,0.001464,2.0,0,0,16.5,0.355
286,0.28,0.34,6.1,0.000732,0.00012,0.001464,2.0,0,0,14.5,0.355
446,0.28,0.34,6.1,0.000732,0.00012,0.001464,2.0,0,0,22.5,0.355
406,0.28,0.34,6.1,0.000732,0.00012,0.001464,2.0,0,0,20.5,0.355
306,0.28,0.34,6.1,0.000732,0.00012,0.001464,2.0,0,0,15.5,0.355
296,0.28,0.34,6.1,0.000732,0.00012,0.001464,2.0,0,0,15.0,0.355
276,0.28,0.34,6.1,0.000732,0.00012,0.001464,2.0,0,0,14.0,0.355
356,0.28,0.34,6.1,0.000732,0.00012,0.001464,2.0,0,0,18.0,0.355
456,0.28,0.34,6.1,0.000732,0.00012,0.001464,2.0,0,0,23.0,0.355
266,0.28,0.34,6.1,0.000732,0.00012,0.001464,2.0,0,0,13.5,0.355
486,0.28,0.34,6.1,0.000732,0.00012,0.001464,2.0,0,0,24.5,0.355
466,0.28,0.34,6.1,0.000732,0.00012,0.001464,2.0,0,0,23.5,0.355
476,0.28,0.34,6.1,0.000732,0.00012,0.001464,2.0,0,0,24.0,0.355
336,0.28,0.34,6.1,0.000732,0.00012,0.001464,2.0,0,0,17.0,0.355
246,0.28,0.34,6.1,0.000732,0.00012,0.001464,2.0,0,0,12.5,0.355
256,0.28,0.34,6.1,0.000732,0.00012,0.001464,2.0,0,0,13.0,0.355
436,0.28,0.34,6.1,0.000732,0.00012,0.001464,2.0,0,0,22.0,0.355
426,0.28,0.34,6.1,0.000732,0.00012,0.001464,2.0,0,0,21.5,0.355
366,0.28,0.34,6.1,0.000732,0.00012,0.001464,2.0,0,0,18.5,0.355
416,0.28,0.34,6.1,0.000732,0.00012,0.001464,2.0,0,0,21.0,0.355
496,0.28,0.34,6.1,0.000732,0.00012,0.001464,2.0,0,0,25.0,0.355
396,0.28,0.34,6.1,0.000732,0.00012,0.001464,2.0,0,0,20.0,0.355
415,0.28,0.34,6.1,0.000732,0.00012,0.001464,2.0,0,0,21.0,0.35
455,0.28,0.34,6.1,0.000732,0.00012,0.001464,2.0,0,0,23.0,0.35
345,0.28,0.34,6.1,0.000732,0.00012,0.001464,2.0,0,0,17.5,0.35
335,0.28,0.34,6.1,0.000732,0.00012,0.001464,2.0,0,0,17.0,0.35
475,0.28,0.34,6.1,0.000732,0.00012,0.001464,2.0,0,0,24.0,0.35
445,0.28,0.34,6.1,0.000732,0.00012,0.001464,2.0,0,0,22.5,0.35
295,0.28,0.34,6.1,0.000732,0.00012,0.001464,2.0,0,0,15.0,0.35
405,0.28,0.34,6.1,0.000732,0.00012,0.001464,2.0,0,0,20.5,0.35
195,0.28,0.34,6.1,0.000732,0.00012,0.001464,2.0,0,0,10.0,0.35
375,0.28,0.34,6.1,0.000732,0.00012,0.001464,2.0,0,0,19.0,0.35
255,0.28,0.34,6.1,0.000732,0.00012,0.001464,2.0,0,0,13.0,0.35
460,0.28,0.34,6.1,0.000732,0.00012,0.001464,2.0,0,0,23.5,0.35
325,0.28,0.34,6.1,0.000732,0.00012,0.001464,2.0,0,0,16.5,0.35
315,0.28,0.34,6.1,0.000732,0.00012,0.001464,2.0,0,0,16.0,0.35
425,0.28,0.34,6.1,0.000732,0.00012,0.001464,2.0,0,0,21.5,0.35
465,0.28,0.34,6.1,0.000732,0.00012,0.001464,2.0,0,0,23.5,0.35
441,0.28,0.34,6.1,0.000732,0.00012,0.001464,2.0,0,0,22.5,0.35
435,0.28,0.34,6.1,0.000732,0.00012,0.001464,2.0,0,0,22.0,0.35
265,0.28,0.34,6.1,0.000732,0.00012,0.001464,2.0,0,0,13.5,0.35
235,0.28,0.34,6.1,0.000732,0.00012,0.001464,2.0,0,0,12.0,0.35
225,0.28,0.34,6.1,0.000732,0.00012,0.001464,2.0,0,0,11.5,0.35
485,0.28,0.34,6.1,0.000732,0.00012,0.001464,2.0,0,0,24.5,0.35
215,0.28,0.34,6.1,0.000732,0.00012,0.001464,2.0,0,0,11.0,0.35
275,0.28,0.34,6.1,0.000732,0.00012,0.001464,2.0,0,0,14.0,0.35
385,0.28,0.34,6.1,0.000732,0.00012,0.001464,2.0,0,0,19.5,0.35
495,0.28,0.34,6.1,0.000732,0.00012,0.001464,2.0,0,0,25.0,0.35
365,0.28,0.34,6.1,0.000732,0.00012,0.001464,2.0,0,0,18.5,0.35
175,0.28,0.34,6.1,0.000732,0.00012,0.001464,2.0,0,0,9.0,0.35
395,0.28,0.34,6.1,0.000732,0.00012,0.001464,2.0,0,0,20.0,0.35
285,0.28,0.34,6.1,0.000732,0.00012,0.001464,2.0,0,0,14.5,0.35
245,0.28,0.34,6.1,0.000732,0.00012,0.001464,2.0,0,0,12.5,0.35
355,0.28,0.34,6.1,0.000732,0.00012,0.001464,2.0,0,0,18.0,0.35
305,0.28,0.34,6.1,0.000732,0.00012,0.001464,2.0,0,0,15.5,0.35
205,0.28,0.34,6.1,0.000732,0.00012,0.001464,2.0,0,0,10.5,0.35
410,0.28,0.34,6.1,0.000732,0.00012,0.001464,2.0,0,0,21.0,0.348333
152,0.28,0.34,6.1,0.000732,0.00012,0.001464,2.0,0,0,8.0,0.346667
300,0.28,0.34,6.1,0.000732,0.00012,0.001464,2.0,0,0,15.5,0.345
154,0.28,0.34,6.1,0.000732,0.00012,0.001464,2.0,0,0,8.0,0.341667
331,0.28,0.34,6.1,0.000732,0.00012,0.001464,2.0,0,0,17.0,0.34
430,0.28,0.34,6.1,0.000732,0.00012,0.001464,2.0,0,0,22.0,0.336667
193,0.28,0.34,6.1,0.000732,0.00012,0.001464,2.0,0,0,10.0,0.335
361,0.28,0.34,6.1,0.000732,0.00012,0.001464,2.0,0,0,18.5,0.335
320,0.28,0.34,6.1,0.000732,0.00012,0.001464,2.0,0,0,16.5,0.333333
274,0.28,0.34,6.1,0.000732,0.00012,0.001464,2.0,0,0,14.0,0.333333
162,0.28,0.34,6.1,0.000732,0.00012,0.001464,2.0,0,0,8.5,0.333333
314,0.28,0.34,6.1,0.000732,0.00012,0.001464,2.0,0,0,16.0,0.331667
424,0.28,0.34,6.1,0.000732,0.00012,0.001464,2.0,0,0,21.5,0.331667
234,0.28,0.34,6.1,0.000732,0.00012,0.001464,2.0,0,0,12.0,0.331667
450,0.28,0.34,6.1,0.000732,0.00012,0.001464,2.0,0,0,23.0,0.331667
204,0.28,0.34,6.1,0.000732,0.00012,0.001464,2.0,0,0,10.5,0.331667
494,0.28,0.34,6.1,0.000732,0.00012,0.001464,2.0,0,0,25.0,0.331667
354,0.28,0.34,6.1,0.000732,0.00012,0.001464,2.0,0,0,18.0,0.331667
254,0.28,0.34,6.1,0.000732,0.00012,0.001464,2.0,0,0,13.0,0.331667
384,0.28,0.34,6.1,0.000732,0.00012,0.001464,2.0,0,0,19.5,0.331667
194,0.28,0.34,6.1,0.000732,0.00012,0.001464,2.0,0,0,10.0,0.331667
244,0.28,0.34,6.1,0.000732,0.00012,0.001464,2.0,0,0,12.5,0.331667
440,0.28,0.34,6.1,0.000732,0.00012,0.001464,2.0,0,0,22.5,0.331667
344,0.28,0.34,6.1,0.000732,0.00012,0.001464,2.0,0,0,17.5,0.331667
484,0.28,0.34,6.1,0.000732,0.00012,0.001464,2.0,0,0,24.5,0.331667
480,0.28,0.34,6.1,0.000732,0.00012,0.001464,2.0,0,0,24.5,0.331667
364,0.28,0.34,6.1,0.000732,0.00012,0.001464,2.0,0,0,18.5,0.331667
324,0.28,0.34,6.1,0.000732,0.00012,0.001464,2.0,0,0,16.5,0.331667
380,0.28,0.34,6.1,0.000732,0.00012,0.001464,2.0,0,0,19.5,0.331667
374,0.28,0.34,6.1,0.000732,0.00012,0.001464,2.0,0,0,19.0,0.331667
434,0.28,0.34,6.1,0.000732,0.00012,0.001464,2.0,0,0,22.0,0.331667
404,0.28,0.34,6.1,0.000732,0.00012,0.001464,2.0,0,0,20.5,0.331667
224,0.28,0.34,6.1,0.000732,0.00012,0.001464,2.0,0,0,11.5,0.331667
490,0.28,0.34,6.1,0.000732,0.00012,0.001464,2.0,0,0,25.0,0.331667
414,0.28,0.34,6.1,0.000732,0.00012,0.001464,2.0,0,0,21.0,0.331667
470,0.28,0.34,6.1,0.000732,0.00012,0.001464,2.0,0,0,24.0,0.331667
214,0.28,0.34,6.1,0.000732,0.00012,0.001464,2.0,0,0,11.0,0.331667
284,0.28,0.34,6.1,0.000732,0.00012,0.001464,2.0,0,0,14.5,0.331667
304,0.28,0.34,6.1,0.000732,0.00012,0.001464,2.0,0,0,15.5,0.331667
174,0.28,0.34,6.1,0.000732,0.00012,0.001464,2.0,0,0,9.0,0.331667
184,0.28,0.34,6.1,0.000732,0.00012,0.001464,2.0,0,0,9.5,0.331667
294,0.28,0.34,6.1,0.000732,0.00012,0.001464,2.0,0,0,15.0,0.331667
330,0.28,0.34,6.1,0.000732,0.00012,0.001464,2.0,0,0,17.0,0.331667
264,0.28,0.34,6.1,0.000732,0.00012,0.001464,2.0,0,0,13.5,0.331667
400,0.28,0.34,6.1,0.000732,0.00012,0.001464,2.0,0,0,20.5,0.331667
390,0.28,0.34,6.1,0.000732,0.00012,0.001464,2.0,0,0,20.0,0.331667
394,0.28,0.34,6.1,0.000732,0.00012,0.001464,2.0,0,0,20.0,0.331667
444,0.28,0.34,6.1,0.000732,0.00012,0.001464,2.0,0,0,22.5,0.331667
164,0.28,0.34,6.1,0.000732,0.00012,0.001464,2.0,0,0,8.5,0.331667
474,0.28,0.34,6.1,0.000732,0.00012,0.001464,2.0,0,0,24.0,0.331667
360,0.28,0.34,6.1,0.000732,0.00012,0.001464,2.0,0,0,18.5,0.331667
420,0.28,0.34,6.1,0.000732,0.00012,0.001464,2.0,0,0,21.5,0.331667
464,0.28,0.34,6.1,0.000732,0.00012,0.001464,2.0,0,0,23.5,0.331667
334,0.28,0.34,6.1,0.000732,0.00012,0.001464,2.0,0,0,17.0,0.331667
462,0.28,0.34,6.1,0.000732,0.00012,0.001464,2.0,0,0,23.5,0.331667
454,0.28,0.34,6.1,0.000732,0.00012,0.001464,2.0,0,0,23.0,0.331667
262,0.28,0.34,6.1,0.000732,0.00012,0.001464,2.0,0,0,13.5,0.33
322,0.28,0.34,6.1,0.000732,0.00012,0.001464,2.0,0,0,16.5,0.33
452,0.28,0.34,6.1,0.000732,0.00012,0.001464,2.0,0,0,23.0,0.33
332,0.28,0.34,6.1,0.000732,0.00012,0.001464,2.0,0,0,17.0,0.33
482,0.28,0.34,6.1,0.000732,0.00012,0.001464,2.0,0,0,24.5,0.33
303,0.28,0.34,6.1,0.000732,0.00012,0.001464,2.0,0,0,15.5,0.33
342,0.28,0.34,6.1,0.000732,0.00012,0.001464,2.0,0,0,17.5,0.33
242,0.28,0.34,6.1,0.000732,0.00012,0.001464,2.0,0,0,12.5,0.33
412,0.28,0.34,6.1,0.000732,0.00012,0.001464,2.0,0,0,21.0,0.33
252,0.28,0.34,6.1,0.000732,0.00012,0.001464,2.0,0,0,13.0,0.33
312,0.28,0.34,6.1,0.000732,0.00012,0.001464,2.0,0,0,16.0,0.33
422,0.28,0.34,6.1,0.000732,0.00012,0.001464,2.0,0,0,21.5,0.33
372,0.28,0.34,6.1,0.000732,0.00012,0.001464,2.0,0,0,19.0,0.33
302,0.28,0.34,6.1,0.000732,0.00012,0.001464,2.0,0,0,15.5,0.33
172,0.28,0.34,6.1,0.000732,0.00012,0.001464,2.0,0,0,9.0,0.33
392,0.28,0.34,6.1,0.000732,0.00012,0.001464,2.0,0,0,20.0,0.33
232,0.28,0.34,6.1,0.000732,0.00012,0.001464,2.0,0,0,12.0,0.33
192,0.28,0.34,6.1,0.000732,0.00012,0.001464,2.0,0,0,10.0,0.33
362,0.28,0.34,6.1,0.000732,0.00012,0.001464,2.0,0,0,18.5,0.33
382,0.28,0.34,6.1,0.000732,0.00012,0.001464,2.0,0,0,19.5,0.33
442,0.28,0.34,6.1,0.000732,0.00012,0.001464,2.0,0,0,22.5,0.33
272,0.28,0.34,6.1,0.000732,0.00012,0.001464,2.0,0,0,14.0,0.33
222,0.28,0.34,6.1,0.000732,0.00012,0.001464,2.0,0,0,11.5,0.33
282,0.28,0.34,6.1,0.000732,0.00012,0.001464,2.0,0,0,14.5,0.33
202,0.28,0.34,6.1,0.000732,0.00012,0.001464,2.0,0,0,10.5,0.33
352,0.28,0.34,6.1,0.000732,0.00012,0.001464,2.0,0,0,18.0,0.33
492,0.28,0.34,6.1,0.000732,0.00012,0.001464,2.0,0,0,25.0,0.33
212,0.28,0.34,6.1,0.000732,0.00012,0.001464,2.0,0,0,11.0,0.33
292,0.28,0.34,6.1,0.000732,0.00012,0.001464,2.0,0,0,15.0,0.33
472,0.28,0.34,6.1,0.000732,0.00012,0.001464,2.0,0,0,24.0,0.33
432,0.28,0.34,6.1,0.000732,0.00012,0.001464,2.0,0,0,22.0,0.33
402,0.28,0.34,6.1,0.000732,0.00012,0.001464,2.0,0,0,20.5,0.33
182,0.28,0.34,6.1,0.000732,0.00012,0.001464,2.0,0,0,9.5,0.33
483,0.28,0.34,6.1,0.000732,0.00012,0.001464,2.0,0,0,24.5,0.328333
208,0.28,0.34,6.1,0.000732,0.00012,0.001464,2.0,0,0,10.5,0.328333
338,0.28,0.34,6.1,0.000732,0.00012,0.001464,2.0,0,0,17.0,0.328333
473,0.28,0.34,6.1,0.000732,0.00012,0.001464,2.0,0,0,24.0,0.328333
228,0.28,0.34,6.1,0.000732,0.00012,0.001464,2.0,0,0,11.5,0.328333
168,0.28,0.34,6.1,0.000732,0.00012,0.001464,2.0,0,0,8.5,0.328333
463,0.28,0.34,6.1,0.000732,0.00012,0.001464,2.0,0,0,23.5,0.328333
448,0.28,0.34,6.1,0.000732,0.00012,0.001464,2.0,0,0,22.5,0.328333
373,0.28,0.34,6.1,0.000732,0.00012,0.001464,2.0,0,0,19.0,0.328333
438,0.28,0.34,6.1,0.000732,0.00012,0.001464,2.0,0,0,22.0,0.328333
238,0.28,0.34,6.1,0.000732,0.00012,0.001464,2.0,0,0,12.0,0.328333
313,0.28,0.34,6.1,0.000732,0.00012,0.001464,2.0,0,0,16.0,0.328333
283,0.28,0.34,6.1,0.000732,0.00012,0.001464,2.0,0,0,14.5,0.328333
408,0.28,0.34,6.1,0.000732,0.00012,0.001464,2.0,0,0,20.5,0.328333
498,0.28,0.34,6.1,0.000732,0.00012,0.001464,2.0,0,0,25.0,0.328333
178,0.28,0.34,6.1,0.000732,0.00012,0.001464,2.0,0,0,9.0,0.328333
423,0.28,0.34,6.1,0.000732,0.00012,0.001464,2.0,0,0,21.5,0.328333
453,0.28,0.34,6.1,0.000732,0.00012,0.001464,2.0,0,0,23.0,0.328333
378,0.28,0.34,6.1,0.000732,0.00012,0.001464,2.0,0,0,19.0,0.328333
368,0.28,0.34,6.1,0.000732,0.00012,0.001464,2.0,0,0,18.5,0.328333
443,0.28,0.34,6.1,0.000732,0.00012,0.001464,2.0,0,0,22.5,0.328333
488,0.28,0.34,6.1,0.000732,0.00012,0.001464,2.0,0,0,24.5,0.328333
158,0.28,0.34,6.1,0.000732,0.00012,0.001464,2.0,0,0,8.0,0.328333
258,0.28,0.34,6.1,0.000732,0.00012,0.001464,2.0,0,0,13.0,0.328333
328,0.28,0.34,6.1,0.000732,0.00012,0.001464,2.0,0,0,16.5,0.328333
333,0.28,0.34,6.1,0.000732,0.00012,0.001464,2.0,0,0,17.0,0.328333
433,0.28,0.34,6.1,0.000732,0.00012,0.001464,2.0,0,0,22.0,0.328333
428,0.28,0.34,6.1,0.000732,0.00012,0.001464,2.0,0,0,21.5,0.328333
493,0.28,0.34,6.1,0.000732,0.00012,0.001464,2.0,0,0,25.0,0.328333
403,0.28,0.34,6.1,0.000732,0.00012,0.001464,2.0,0,0,20.5,0.328333
478,0.28,0.34,6.1,0.000732,0.00012,0.001464,2.0,0,0,24.0,0.328333
323,0.28,0.34,6.1,0.000732,0.00012,0.001464,2.0,0,0,16.5,0.328333
383,0.28,0.34,6.1,0.000732,0.00012,0.001464,2.0,0,0,19.5,0.328333
188,0.28,0.34,6.1,0.000732,0.00012,0.001464,2.0,0,0,9.5,0.328333
273,0.28,0.34,6.1,0.000732,0.00012,0.001464,2.0,0,0,14.0,0.328333
263,0.28,0.34,6.1,0.000732,0.00012,0.001464,2.0,0,0,13.5,0.328333
218,0.28,0.34,6.1,0.000732,0.00012,0.001464,2.0,0,0,11.0,0.328333
293,0.28,0.34,6.1,0.000732,0.00012,0.001464,2.0,0,0,15.0,0.328333
318,0.28,0.34,6.1,0.000732,0.00012,0.001464,2.0,0,0,16.0,0.328333
288,0.28,0.34,6.1,0.000732,0.00012,0.001464,2.0,0,0,14.5,0.328333
348,0.28,0.34,6.1,0.000732,0.00012,0.001464,2.0,0,0,17.5,0.328333
458,0.28,0.34,6.1,0.000732,0.00012,0.001464,2.0,0,0,23.0,0.328333
278,0.28,0.34,6.1,0.000732,0.00012,0.001464,2.0,0,0,14.0,0.328333
388,0.28,0.34,6.1,0.000732,0.00012,0.001464,2.0,0,0,19.5,0.328333
358,0.28,0.34,6.1,0.000732,0.00012,0.001464,2.0,0,0,18.0,0.328333
418,0.28,0.34,6.1,0.000732,0.00012,0.001464,2.0,0,0,21.0,0.328333
298,0.28,0.34,6.1,0.000732,0.00012,0.001464,2.0,0,0,15.0,0.328333
353,0.28,0.34,6.1,0.000732,0.00012,0.001464,2.0,0,0,18.0,0.328333
243,0.28,0.34,6.1,0.000732,0.00012,0.001464,2.0,0,0,12.5,0.328333
308,0.28,0.34,6.1,0.000732,0.00012,0.001464,2.0,0,0,15.5,0.328333
468,0.28,0.34,6.1,0.000732,0.00012,0.001464,2.0,0,0,23.5,0.328333
393,0.28,0.34,6.1,0.000732,0.00012,0.001464,2.0,0,0,20.0,0.328333
413,0.28,0.34,6.1,0.000732,0.00012,0.001464,2.0,0,0,21.0,0.328333
343,0.28,0.34,6.1,0.000732,0.00012,0.001464,2.0,0,0,17.5,0.328333
398,0.28,0.34,6.1,0.000732,0.00012,0.001464,2.0,0,0,20.0,0.328333
268,0.28,0.34,6.1,0.000732,0.00012,0.001464,2.0,0,0,13.5,0.328333
198,0.28,0.34,6.1,0.000732,0.00012,0.001464,2.0,0,0,10.0,0.328333
363,0.28,0.34,6.1,0.000732,0.00012,0.001464,2.0,0,0,18.5,0.328333
148,0.28,0.34,6.1,0.000732,0.00012,0.001464,2.0,0,0,7.5,0.328333
248,0.28,0.34,6.1,0.000732,0.00012,0.001464,2.0,0,0,12.5,0.328333
391,0.28,0.34,6.1,0.000732,0.00012,0.001464,2.0,0,0,20.0,0.326667
401,0.28,0.34,6.1,0.000732,0.00012,0.001464,2.0,0,0,20.5,0.325
301,0.28,0.34,6.1,0.000732,0.00012,0.001464,2.0,0,0,15.5,0.321667
411,0.28,0.34,6.1,0.000732,0.00012,0.001464,2.0,0,0,21.0,0.316667
381,0.28,0.34,6.1,0.000732,0.00012,0.001464,2.0,0,0,19.5,0.315
321,0.28,0.34,6.1,0.000732,0.00012,0.001464,2.0,0,0,16.5,0.315
431,0.28,0.34,6.1,0.000732,0.00012,0.001464,2.0,0,0,22.0,0.315
421,0.28,0.34,6.1,0.000732,0.00012,0.001464,2.0,0,0,21.5,0.315
371,0.28,0.34,6.1,0.000732,0.00012,0.001464,2.0,0,0,19.0,0.315
451,0.28,0.34,6.1,0.000732,0.00012,0.001464,2.0,0,0,23.0,0.315
311,0.28,0.34,6.1,0.000732,0.00012,0.001464,2.0,0,0,16.0,0.315
351,0.28,0.34,6.1,0.000732,0.00012,0.001464,2.0,0,0,18.0,0.315
461,0.28,0.34,6.1,0.000732,0.00012,0.001464,2.0,0,0,23.5,0.315
