run_id,ga,gsom,l1,l2,l2_mul,ip1,ip1_mul,l_pi,learning_lag,tau_0,tau_w,test accuracy
434,0.28,0.34,6.1,0.000732,0.00012,0.001464,2.0,0,21.864406779661017,3,30,0.983333
424,0.28,0.34,6.1,0.000732,0.00012,0.001464,2.0,0,21.35593220338983,3,30,0.983333
577,0.28,0.34,6.1,0.000732,0.00012,0.001464,2.0,0,28.983050847457626,3,30,0.983333
597,0.28,0.34,6.1,0.000732,0.00012,0.001464,2.0,0,30.0,3,30,0.983333
594,0.28,0.34,6.1,0.000732,0.00012,0.001464,2.0,0,30.0,3,30,0.983333
557,0.28,0.34,6.1,0.000732,0.00012,0.001464,2.0,0,27.966101694915253,3,30,0.981667
582,0.28,0.34,6.1,0.000732,0.00012,0.001464,2.0,0,29.491525423728813,3,30,0.981667
477,0.28,0.34,6.1,0.000732,0.00012,0.001464,2.0,0,23.89830508474576,3,30,0.981667
537,0.28,0.34,6.1,0.000732,0.00012,0.001464,2.0,0,26.94915254237288,3,30,0.981667
414,0.28,0.34,6.1,0.000732,0.00012,0.001464,2.0,0,20.847457627118644,3,30,0.981667
547,0.28,0.34,6.1,0.000732,0.00012,0.001464,2.0,0,27.457627118644066,3,30,0.981667
464,0.28,0.34,6.1,0.000732,0.00012,0.001464,2.0,0,23.389830508474574,3,30,0.981667
567,0.28,0.34,6.1,0.000732,0.00012,0.001464,2.0,0,28.47457627118644,3,30,0.98
447,0.28,0.34,6.1,0.000732,0.00012,0.001464,2.0,0,22.3728813559322,3,30,0.98
444,0.28,0.34,6.1,0.000732,0.00012,0.001464,2.0,0,22.3728813559322,3,30,0.98
487,0.28,0.34,6.1,0.000732,0.00012,0.001464,2.0,0,24.406779661016948,3,30,0.98
474,0.28,0.34,6.1,0.000732,0.00012,0.001464,2.0,0,23.89830508474576,3,30,0.98
587,0.28,0.34,6.1,0.000732,0.00012,0.001464,2.0,0,29.491525423728813,3,30,0.98
454,0.28,0.34,6.1,0.000732,0.00012,0.001464,2.0,0,22.881355932203387,3,30,0.98
527,0.28,0.34,6.1,0.000732,0.00012,0.001464,2.0,0,26.440677966101696,3,30,0.98
494,0.28,0.34,6.1,0.000732,0.00012,0.001464,2.0,0,24.915254237288135,3,30,0.978333
592,0.28,0.34,6.1,0.000732,0.00012,0.001464,2.0,0,30.0,3,30,0.978333
514,0.28,0.34,6.1,0.000732,0.00012,0.001464,2.0,0,25.93220338983051,3,30,0.978333
397,0.28,0.34,6.1,0.000732,0.00012,0.001464,2.0,0,19.83050847457627,3,30,0.978333
512,0.28,0.34,6.1,0.000732,0.00012,0.001464,2.0,0,25.93220338983051,3,30,0.978333
437,0.28,0.34,6.1,0.000732,0.00012,0.001464,2.0,0,21.864406779661017,3,30,0.978333
534,0.28,0.34,6.1,0.000732,0.00012,0.001464,2.0,0,26.94915254237288,3,30,0.978333
562,0.28,0.34,6.1,0.000732,0.00012,0.001464,2.0,0,28.47457627118644,3,30,0.978333
427,0.28,0.34,6.1,0.000732,0.00012,0.001464,2.0,0,21.35593220338983,3,30,0.978333
524,0.28,0.34,6.1,0.000732,0.00012,0.001464,2.0,0,26.440677966101696,3,30,0.978333
497,0.28,0.34,6.1,0.000732,0.00012,0.001464,2.0,0,24.915254237288135,3,30,0.976667
564,0.28,0.34,6.1,0.000732,0.00012,0.001464,2.0,0,28.47457627118644,3,30,0.976667
544,0.28,0.34,6.1,0.000732,0.00012,0.001464,2.0,0,27.457627118644066,3,30,0.976667
461,0.28,0.34,6.1,0.000732,0.00012,0.001464,2.0,0,23.389830508474574,3,30,0.976667
584,0.28,0.34,6.1,0.000732,0.00012,0.001464,2.0,0,29.491525423728813,3,30,0.976667
417,0.28,0.34,6.1,0.000732,0.00012,0.001464,2.0,0,20.847457627118644,3,30,0.976667
394,0.28,0.34,6.1,0.000732,0.00012,0.001464,2.0,0,19.83050847457627,3,30,0.976667
531,0.28,0.34,6.1,0.000732,0.00012,0.001464,2.0,0,26.94915254237288,3,30,0.976667
404,0.28,0.34,6.1,0.000732,0.00012,0.001464,2.0,0,20.338983050847457,3,30,0.976667
457,0.28,0.34,6.1,0.000732,0.00012,0.001464,2.0,0,22.881355932203387,3,30,0.976667
574,0.28,0.34,6.1,0.000732,0.00012,0.001464,2.0,0,28.983050847457626,3,30,0.976667
591,0.28,0.34,6.1,0.000732,0.00012,0.001464,2.0,0,30.0,3,30,0.976667
484,0.28,0.34,6.1,0.000732,0.00012,0.001464,2.0,0,24.406779661016948,3,30,0.976667
541,0.28,0.34,6.1,0.000732,0.00012,0.001464,2.0,0,27.457627118644066,3,30,0.976667
554,0.28,0.34,6.1,0.000732,0.00012,0.001464,2.0,0,27.966101694915253,3,30,0.976667
517,0.28,0.34,6.1,0.000732,0.00012,0.001464,2.0,0,25.93220338983051,3,30,0.976667
551,0.28,0.34,6.1,0.000732,0.00012,0.001464,2.0,0,27.966101694915253,3,30,0.976667
384,0.28,0.34,6.1,0.000732,0.00012,0.001464,2.0,0,19.322033898305083,3,30,0.975
507,0.28,0.34,6.1,0.000732,0.00012,0.001464,2.0,0,25.423728813559322,3,30,0.975
561,0.28,0.34,6.1,0.000732,0.00012,0.001464,2.0,0,28.47457627118644,3,30,0.975
407,0.28,0.34,6.1,0.000732,0.00012,0.001464,2.0,0,20.338983050847457,3,30,0.975
441,0.28,0.34,6.1,0.000732,0.00012,0.001464,2.0,0,22.3728813559322,3,30,0.975
478,0.28,0.34,6.1,0.000732,0.00012,0.001464,2.0,0,23.89830508474576,3,30,0.975
504,0.28,0.34,6.1,0.000732,0.00012,0.001464,2.0,0,25.423728813559322,3,30,0.975
521,0.28,0.34,6.1,0.000732,0.00012,0.001464,2.0,0,26.440677966101696,3,30,0.973333
491,0.28,0.34,6.1,0.000732,0.00012,0.001464,2.0,0,24.915254237288135,3,30,0.973333
488,0.28,0.34,6.1,0.000732,0.00012,0.001464,2.0,0,24.406779661016948,3,30,0.973333
471,0.28,0.34,6.1,0.000732,0.00012,0.001464,2.0,0,23.89830508474576,3,30,0.973333
571,0.28,0.34,6.1,0.000732,0.00012,0.001464,2.0,0,28.983050847457626,3,30,0.973333
431,0.28,0.34,6.1,0.000732,0.00012,0.001464,2.0,0,21.864406779661017,3,30,0.973333
501,0.28,0.34,6.1,0.000732,0.00012,0.001464,2.0,0,25.423728813559322,3,30,0.973333
498,0.28,0.34,6.1,0.000732,0.00012,0.001464,2.0,0,24.915254237288135,3,30,0.973333
532,0.28,0.34,6.1,0.000732,0.00012,0.001464,2.0,0,26.94915254237288,3,30,0.973333
481,0.28,0.34,6.1,0.000732,0.00012,0.001464,2.0,0,24.406779661016948,3,30,0.973333
598,0.28,0.34,6.1,0.000732,0.00012,0.001464,2.0,0,30.0,3,30,0.971667
528,0.28,0.34,6.1,0.000732,0.00012,0.001464,2.0,0,26.440677966101696,3,30,0.971667
518,0.28,0.34,6.1,0.000732,0.00012,0.001464,2.0,0,25.93220338983051,3,30,0.971667
581,0.28,0.34,6.1,0.000732,0.00012,0.001464,2.0,0,29.491525423728813,3,30,0.971667
492,0.28,0.34,6.1,0.000732,0.00012,0.001464,2.0,0,24.915254237288135,3,30,0.971667
438,0.28,0.34,6.1,0.000732,0.00012,0.001464,2.0,0,21.864406779661017,3,30,0.971667
468,0.28,0.34,6.1,0.000732,0.00012,0.001464,2.0,0,23.389830508474574,3,30,0.971667
467,0.28,0.34,6.1,0.000732,0.00012,0.001464,2.0,0,23.389830508474574,3,30,0.971667
508,0.28,0.34,6.1,0.000732,0.00012,0.001464,2.0,0,25.423728813559322,3,30,0.971667
511,0.28,0.34,6.1,0.000732,0.00012,0.001464,2.0,0,25.93220338983051,3,30,0.971667
538,0.28,0.34,6.1,0.000732,0.00012,0.001464,2.0,0,26.94915254237288,3,30,0.971667
387,0.28,0.34,6.1,0.000732,0.00012,0.001464,2.0,0,19.322033898305083,3,30,0.971667
451,0.28,0.34,6.1,0.000732,0.00012,0.001464,2.0,0,22.881355932203387,3,30,0.971667
552,0.28,0.34,6.1,0.000732,0.00012,0.001464,2.0,0,27.966101694915253,3,30,0.971667
522,0.28,0.34,6.1,0.000732,0.00012,0.001464,2.0,0,26.440677966101696,3,30,0.971667
502,0.28,0.34,6.1,0.000732,0.00012,0.001464,2.0,0,25.423728813559322,3,30,0.971667
463,0.28,0.34,6.1,0.000732,0.00012,0.001464,2.0,0,23.389830508474574,3,30,0.971667
542,0.28,0.34,6.1,0.000732,0.00012,0.001464,2.0,0,27.457627118644066,3,30,0.97
374,0.28,0.34,6.1,0.000732,0.00012,0.001464,2.0,0,18.813559322033896,3,30,0.97
428,0.28,0.34,6.1,0.000732,0.00012,0.001464,2.0,0,21.35593220338983,3,30,0.97
377,0.28,0.34,6.1,0.000732,0.00012,0.001464,2.0,0,18.813559322033896,3,30,0.97
550,0.28,0.34,6.1,0.000732,0.00012,0.001464,2.0,0,27.966101694915253,3,30,0.97
476,0.28,0.34,6.1,0.000732,0.00012,0.001464,2.0,0,23.89830508474576,3,30,0.97
540,0.28,0.34,6.1,0.000732,0.00012,0.001464,2.0,0,27.457627118644066,3,30,0.97
513,0.28,0.34,6.1,0.000732,0.00012,0.001464,2.0,0,25.93220338983051,3,30,0.97
520,0.28,0.34,6.1,0.000732,0.00012,0.001464,2.0,0,26.440677966101696,3,30,0.97
443,0.28,0.34,6.1,0.000732,0.00012,0.001464,2.0,0,22.3728813559322,3,30,0.97
408,0.28,0.34,6.1,0.000732,0.00012,0.001464,2.0,0,20.338983050847457,3,30,0.97
588,0.28,0.34,6.1,0.000732,0.00012,0.001464,2.0,0,29.491525423728813,3,30,0.97
580,0.28,0.34,6.1,0.000732,0.00012,0.001464,2.0,0,29.491525423728813,3,30,0.97
558,0.28,0.34,6.1,0.000732,0.00012,0.001464,2.0,0,27.966101694915253,3,30,0.97
421,0.28,0.34,6.1,0.000732,0.00012,0.001464,2.0,0,21.35593220338983,3,30,0.97
458,0.28,0.34,6.1,0.000732,0.00012,0.001464,2.0,0,22.881355932203387,3,30,0.97
523,0.28,0.34,6.1,0.000732,0.00012,0.001464,2.0,0,26.440677966101696,3,30,0.968333
503,0.28,0.34,6.1,0.000732,0.00012,0.001464,2.0,0,25.423728813559322,3,30,0.968333
450,0.28,0.34,6.1,0.000732,0.00012,0.001464,2.0,0,22.881355932203387,3,30,0.968333
402,0.28,0.34,6.1,0.000732,0.00012,0.001464,2.0,0,20.338983050847457,3,30,0.968333
572,0.28,0.34,6.1,0.000732,0.00012,0.001464,2.0,0,28.983050847457626,3,30,0.968333
533,0.28,0.34,6.1,0.000732,0.00012,0.001464,2.0,0,26.94915254237288,3,30,0.968333
420,0.28,0.34,6.1,0.000732,0.00012,0.001464,2.0,0,21.35593220338983,3,30,0.968333
448,0.28,0.34,6.1,0.000732,0.00012,0.001464,2.0,0,22.3728813559322,3,30,0.968333
573,0.28,0.34,6.1,0.000732,0.00012,0.001464,2.0,0,28.983050847457626,3,30,0.968333
578,0.28,0.34,6.1,0.000732,0.00012,0.001464,2.0,0,28.983050847457626,3,30,0.968333
470,0.28,0.34,6.1,0.000732,0.00012,0.001464,2.0,0,23.89830508474576,3,30,0.968333
583,0.28,0.34,6.1,0.000732,0.00012,0.001464,2.0,0,29.491525423728813,3,30,0.966667
418,0.28,0.34,6.1,0.000732,0.00012,0.001464,2.0,0,20.847457627118644,3,30,0.966667
388,0.28,0.34,6.1,0.000732,0.00012,0.001464,2.0,0,19.322033898305083,3,30,0.966667
563,0.28,0.34,6.1,0.000732,0.00012,0.001464,2.0,0,28.47457627118644,3,30,0.966667
568,0.28,0.34,6.1,0.000732,0.00012,0.001464,2.0,0,28.47457627118644,3,30,0.966667
553,0.28,0.34,6.1,0.000732,0.00012,0.001464,2.0,0,27.966101694915253,3,30,0.966667
453,0.28,0.34,6.1,0.000732,0.00012,0.001464,2.0,0,22.881355932203387,3,30,0.966667
370,0.28,0.34,6.1,0.000732,0.00012,0.001464,2.0,0,18.813559322033896,3,30,0.966667
440,0.28,0.34,6.1,0.000732,0.00012,0.001464,2.0,0,22.3728813559322,3,30,0.966667
570,0.28,0.34,6.1,0.000732,0.00012,0.001464,2.0,0,28.983050847457626,3,30,0.966667
472,0.28,0.34,6.1,0.000732,0.00012,0.001464,2.0,0,23.89830508474576,3,30,0.966667
482,0.28,0.34,6.1,0.000732,0.00012,0.001464,2.0,0,24.406779661016948,3,30,0.966667
543,0.28,0.34,6.1,0.000732,0.00012,0.001464,2.0,0,27.457627118644066,3,30,0.966667
530,0.28,0.34,6.1,0.000732,0.00012,0.001464,2.0,0,26.94915254237288,3,30,0.966667
510,0.28,0.34,6.1,0.000732,0.00012,0.001464,2.0,0,25.93220338983051,3,30,0.966667
590,0.28,0.34,6.1,0.000732,0.00012,0.001464,2.0,0,30.0,3,30,0.966667
560,0.28,0.34,6.1,0.000732,0.00012,0.001464,2.0,0,28.47457627118644,3,30,0.966667
466,0.28,0.34,6.1,0.000732,0.00012,0.001464,2.0,0,23.389830508474574,3,30,0.966667
368,0.28,0.34,6.1,0.000732,0.00012,0.001464,2.0,0,18.305084745762713,3,30,0.966667
400,0.28,0.34,6.1,0.000732,0.00012,0.001464,2.0,0,20.338983050847457,3,30,0.966667
548,0.28,0.34,6.1,0.000732,0.00012,0.001464,2.0,0,27.457627118644066,3,30,0.965
396,0.28,0.34,6.1,0.000732,0.00012,0.001464,2.0,0,19.83050847457627,3,30,0.965
593,0.28,0.34,6.1,0.000732,0.00012,0.001464,2.0,0,30.0,3,30,0.965
473,0.28,0.34,6.1,0.000732,0.00012,0.001464,2.0,0,23.89830508474576,3,30,0.965
526,0.28,0.34,6.1,0.000732,0.00012,0.001464,2.0,0,26.440677966101696,3,30,0.965
416,0.28,0.34,6.1,0.000732,0.00012,0.001464,2.0,0,20.847457627118644,3,30,0.965
410,0.28,0.34,6.1,0.000732,0.00012,0.001464,2.0,0,20.847457627118644,3,30,0.965
493,0.28,0.34,6.1,0.000732,0.00012,0.001464,2.0,0,24.915254237288135,3,30,0.965
398,0.28,0.34,6.1,0.000732,0.00012,0.001464,2.0,0,19.83050847457627,3,30,0.963333
586,0.28,0.34,6.1,0.000732,0.00012,0.001464,2.0,0,29.491525423728813,3,30,0.963333
409,0.28,0.34,6.1,0.000732,0.00012,0.001464,2.0,0,20.338983050847457,3,30,0.963333
486,0.28,0.34,6.1,0.000732,0.00012,0.001464,2.0,0,24.406779661016948,3,30,0.963333
456,0.28,0.34,6.1,0.000732,0.00012,0.001464,2.0,0,22.881355932203387,3,30,0.963333
566,0.28,0.34,6.1,0.000732,0.00012,0.001464,2.0,0,28.47457627118644,3,30,0.963333
426,0.28,0.34,6.1,0.000732,0.00012,0.001464,2.0,0,21.35593220338983,3,30,0.963333
462,0.28,0.34,6.1,0.000732,0.00012,0.001464,2.0,0,23.389830508474574,3,30,0.963333
380,0.28,0.34,6.1,0.000732,0.00012,0.001464,2.0,0,19.322033898305083,3,30,0.963333
596,0.28,0.34,6.1,0.000732,0.00012,0.001464,2.0,0,30.0,3,30,0.963333
446,0.28,0.34,6.1,0.000732,0.00012,0.001464,2.0,0,22.3728813559322,3,30,0.963333
460,0.28,0.34,6.1,0.000732,0.00012,0.001464,2.0,0,23.389830508474574,3,30,0.963333
576,0.28,0.34,6.1,0.000732,0.00012,0.001464,2.0,0,28.983050847457626,3,30,0.963333
516,0.28,0.34,6.1,0.000732,0.00012,0.001464,2.0,0,25.93220338983051,3,30,0.963333
506,0.28,0.34,6.1,0.000732,0.00012,0.001464,2.0,0,25.423728813559322,3,30,0.963333
536,0.28,0.34,6.1,0.000732,0.00012,0.001464,2.0,0,26.94915254237288,3,30,0.961667
546,0.28,0.34,6.1,0.000732,0.00012,0.001464,2.0,0,27.457627118644066,3,30,0.961667
556,0.28,0.34,6.1,0.000732,0.00012,0.001464,2.0,0,27.966101694915253,3,30,0.961667
480,0.28,0.34,6.1,0.000732,0.00012,0.001464,2.0,0,24.406779661016948,3,30,0.961667
432,0.28,0.34,6.1,0.000732,0.00012,0.001464,2.0,0,21.864406779661017,3,30,0.961667
430,0.28,0.34,6.1,0.000732,0.00012,0.001464,2.0,0,21.864406779661017,3,30,0.961667
350,0.28,0.34,6.1,0.000732,0.00012,0.001464,2.0,0,17.796610169491526,3,30,0.961667
496,0.28,0.34,6.1,0.000732,0.00012,0.001464,2.0,0,24.915254237288135,3,30,0.961667
357,0.28,0.34,6.1,0.000732,0.00012,0.001464,2.0,0,17.796610169491526,3,30,0.961667
364,0.28,0.34,6.1,0.000732,0.00012,0.001464,2.0,0,18.305084745762713,3,30,0.961667
412,0.28,0.34,6.1,0.000732,0.00012,0.001464,2.0,0,20.847457627118644,3,30,0.961667
390,0.28,0.34,6.1,0.000732,0.00012,0.001464,2.0,0,19.83050847457627,3,30,0.961667
452,0.28,0.34,6.1,0.000732,0.00012,0.001464,2.0,0,22.881355932203387,3,30,0.961667
490,0.28,0.34,6.1,0.000732,0.00012,0.001464,2.0,0,24.915254237288135,3,30,0.961667
360,0.28,0.34,6.1,0.000732,0.00012,0.001464,2.0,0,18.305084745762713,3,30,0.961667
386,0.28,0.34,6.1,0.000732,0.00012,0.001464,2.0,0,19.322033898305083,3,30,0.961667
354,0.28,0.34,6.1,0.000732,0.00012,0.001464,2.0,0,17.796610169491526,3,30,0.96
436,0.28,0.34,6.1,0.000732,0.00012,0.001464,2.0,0,21.864406779661017,3,30,0.96
361,0.28,0.34,6.1,0.000732,0.00012,0.001464,2.0,0,18.305084745762713,3,30,0.96
433,0.28,0.34,6.1,0.000732,0.00012,0.001464,2.0,0,21.864406779661017,3,30,0.96
367,0.28,0.34,6.1,0.000732,0.00012,0.001464,2.0,0,18.305084745762713,3,30,0.96
483,0.28,0.34,6.1,0.000732,0.00012,0.001464,2.0,0,24.406779661016948,3,30,0.96
401,0.28,0.34,6.1,0.000732,0.00012,0.001464,2.0,0,20.338983050847457,3,30,0.96
442,0.28,0.34,6.1,0.000732,0.00012,0.001464,2.0,0,22.3728813559322,3,30,0.96
347,0.28,0.34,6.1,0.000732,0.00012,0.001464,2.0,0,17.28813559322034,3,30,0.96
500,0.28,0.34,6.1,0.000732,0.00012,0.001464,2.0,0,25.423728813559322,3,30,0.96
378,0.28,0.34,6.1,0.000732,0.00012,0.001464,2.0,0,18.813559322033896,3,30,0.96
411,0.28,0.34,6.1,0.000732,0.00012,0.001464,2.0,0,20.847457627118644,3,30,0.96
340,0.28,0.34,6.1,0.000732,0.00012,0.001464,2.0,0,17.28813559322034,3,30,0.96
371,0.28,0.34,6.1,0.000732,0.00012,0.001464,2.0,0,18.813559322033896,3,30,0.958333
392,0.28,0.34,6.1,0.000732,0.00012,0.001464,2.0,0,19.83050847457627,3,30,0.958333
579,0.28,0.34,6.1,0.000732,0.00012,0.001464,2.0,0,28.983050847457626,3,30,0.958333
479,0.28,0.34,6.1,0.000732,0.00012,0.001464,2.0,0,23.89830508474576,3,30,0.958333
358,0.28,0.34,6.1,0.000732,0.00012,0.001464,2.0,0,17.796610169491526,3,30,0.958333
489,0.28,0.34,6.1,0.000732,0.00012,0.001464,2.0,0,24.406779661016948,3,30,0.958333
406,0.28,0.34,6.1,0.000732,0.00012,0.001464,2.0,0,20.338983050847457,3,30,0.958333
429,0.28,0.34,6.1,0.000732,0.00012,0.001464,2.0,0,21.35593220338983,3,30,0.958333
413,0.28,0.34,6.1,0.000732,0.00012,0.001464,2.0,0,20.847457627118644,3,30,0.958333
469,0.28,0.34,6.1,0.000732,0.00012,0.001464,2.0,0,23.389830508474574,3,30,0.958333
509,0.28,0.34,6.1,0.000732,0.00012,0.001464,2.0,0,25.423728813559322,3,30,0.956667
381,0.28,0.34,6.1,0.000732,0.00012,0.001464,2.0,0,19.322033898305083,3,30,0.956667
419,0.28,0.34,6.1,0.000732,0.00012,0.001464,2.0,0,20.847457627118644,3,30,0.956667
439,0.28,0.34,6.1,0.000732,0.00012,0.001464,2.0,0,21.864406779661017,3,30,0.956667
376,0.28,0.34,6.1,0.000732,0.00012,0.001464,2.0,0,18.813559322033896,3,30,0.956667
499,0.28,0.34,6.1,0.000732,0.00012,0.001464,2.0,0,24.915254237288135,3,30,0.956667
366,0.28,0.34,6.1,0.000732,0.00012,0.001464,2.0,0,18.305084745762713,3,30,0.956667
351,0.28,0.34,6.1,0.000732,0.00012,0.001464,2.0,0,17.796610169491526,3,30,0.956667
393,0.28,0.34,6.1,0.000732,0.00012,0.001464,2.0,0,19.83050847457627,3,30,0.956667
391,0.28,0.34,6.1,0.000732,0.00012,0.001464,2.0,0,19.83050847457627,3,30,0.956667
589,0.28,0.34,6.1,0.000732,0.00012,0.001464,2.0,0,29.491525423728813,3,30,0.956667
423,0.28,0.34,6.1,0.000732,0.00012,0.001464,2.0,0,21.35593220338983,3,30,0.956667
422,0.28,0.34,6.1,0.000732,0.00012,0.001464,2.0,0,21.35593220338983,3,30,0.956667
505,0.28,0.34,6.1,0.000732,0.00012,0.001464,2.0,0,25.423728813559322,3,30,0.955
599,0.28,0.34,6.1,0.000732,0.00012,0.001464,2.0,0,30.0,3,30,0.955
363,0.28,0.34,6.1,0.000732,0.00012,0.001464,2.0,0,18.305084745762713,3,30,0.955
459,0.28,0.34,6.1,0.000732,0.00012,0.001464,2.0,0,22.881355932203387,3,30,0.955
353,0.28,0.34,6.1,0.000732,0.00012,0.001464,2.0,0,17.796610169491526,3,30,0.953333
449,0.28,0.34,6.1,0.000732,0.00012,0.001464,2.0,0,22.3728813559322,3,30,0.953333
569,0.28,0.34,6.1,0.000732,0.00012,0.001464,2.0,0,28.47457627118644,3,30,0.953333
326,0.28,0.34,6.1,0.000732,0.00012,0.001464,2.0,0,16.271186440677965,3,30,0.953333
344,0.28,0.34,6.1,0.000732,0.00012,0.001464,2.0,0,17.28813559322034,3,30,0.953333
383,0.28,0.34,6.1,0.000732,0.00012,0.001464,2.0,0,19.322033898305083,3,30,0.953333
445,0.28,0.34,6.1,0.000732,0.00012,0.001464,2.0,0,22.3728813559322,3,30,0.951667
485,0.28,0.34,6.1,0.000732,0.00012,0.001464,2.0,0,24.406779661016948,3,30,0.951667
348,0.28,0.34,6.1,0.000732,0.00012,0.001464,2.0,0,17.28813559322034,3,30,0.951667
403,0.28,0.34,6.1,0.000732,0.00012,0.001464,2.0,0,20.338983050847457,3,30,0.951667
362,0.28,0.34,6.1,0.000732,0.00012,0.001464,2.0,0,18.305084745762713,3,30,0.951667
529,0.28,0.34,6.1,0.000732,0.00012,0.001464,2.0,0,26.440677966101696,3,30,0.951667
465,0.28,0.34,6.1,0.000732,0.00012,0.001464,2.0,0,23.389830508474574,3,30,0.951667
336,0.28,0.34,6.1,0.000732,0.00012,0.001464,2.0,0,16.779661016949152,3,30,0.95
559,0.28,0.34,6.1,0.000732,0.00012,0.001464,2.0,0,27.966101694915253,3,30,0.95
382,0.28,0.34,6.1,0.000732,0.00012,0.001464,2.0,0,19.322033898305083,3,30,0.95
539,0.28,0.34,6.1,0.000732,0.00012,0.001464,2.0,0,26.94915254237288,3,30,0.95
337,0.28,0.34,6.1,0.000732,0.00012,0.001464,2.0,0,16.779661016949152,3,30,0.95
415,0.28,0.34,6.1,0.000732,0.00012,0.001464,2.0,0,20.847457627118644,3,30,0.95
549,0.28,0.34,6.1,0.000732,0.00012,0.001464,2.0,0,27.457627118644066,3,30,0.95
341,0.28,0.34,6.1,0.000732,0.00012,0.001464,2.0,0,17.28813559322034,3,30,0.948333
343,0.28,0.34,6.1,0.000732,0.00012,0.001464,2.0,0,17.28813559322034,3,30,0.948333
515,0.28,0.34,6.1,0.000732,0.00012,0.001464,2.0,0,25.93220338983051,3,30,0.948333
373,0.28,0.34,6.1,0.000732,0.00012,0.001464,2.0,0,18.813559322033896,3,30,0.948333
356,0.28,0.34,6.1,0.000732,0.00012,0.001464,2.0,0,17.796610169491526,3,30,0.948333
346,0.28,0.34,6.1,0.000732,0.00012,0.001464,2.0,0,17.28813559322034,3,30,0.948333
333,0.28,0.34,6.1,0.000732,0.00012,0.001464,2.0,0,16.779661016949152,3,30,0.948333
475,0.28,0.34,6.1,0.000732,0.00012,0.001464,2.0,0,23.89830508474576,3,30,0.946667
399,0.28,0.34,6.1,0.000732,0.00012,0.001464,2.0,0,19.83050847457627,3,30,0.946667
575,0.28,0.34,6.1,0.000732,0.00012,0.001464,2.0,0,28.983050847457626,3,30,0.946667
365,0.28,0.34,6.1,0.000732,0.00012,0.001464,2.0,0,18.305084745762713,3,30,0.946667
519,0.28,0.34,6.1,0.000732,0.00012,0.001464,2.0,0,25.93220338983051,3,30,0.945
372,0.28,0.34,6.1,0.000732,0.00012,0.001464,2.0,0,18.813559322033896,3,30,0.945
535,0.28,0.34,6.1,0.000732,0.00012,0.001464,2.0,0,26.94915254237288,3,30,0.945
545,0.28,0.34,6.1,0.000732,0.00012,0.001464,2.0,0,27.457627118644066,3,30,0.945
525,0.28,0.34,6.1,0.000732,0.00012,0.001464,2.0,0,26.440677966101696,3,30,0.945
331,0.28,0.34,6.1,0.000732,0.00012,0.001464,2.0,0,16.779661016949152,3,30,0.945
495,0.28,0.34,6.1,0.000732,0.00012,0.001464,2.0,0,24.915254237288135,3,30,0.945
455,0.28,0.34,6.1,0.000732,0.00012,0.001464,2.0,0,22.881355932203387,3,30,0.945
435,0.28,0.34,6.1,0.000732,0.00012,0.001464,2.0,0,21.864406779661017,3,30,0.943333
375,0.28,0.34,6.1,0.000732,0.00012,0.001464,2.0,0,18.813559322033896,3,30,0.943333
585,0.28,0.34,6.1,0.000732,0.00012,0.001464,2.0,0,29.491525423728813,3,30,0.943333
555,0.28,0.34,6.1,0.000732,0.00012,0.001464,2.0,0,27.966101694915253,3,30,0.943333
595,0.28,0.34,6.1,0.000732,0.00012,0.001464,2.0,0,30.0,3,30,0.941667
330,0.28,0.34,6.1,0.000732,0.00012,0.001464,2.0,0,16.779661016949152,3,30,0.941667
369,0.28,0.34,6.1,0.000732,0.00012,0.001464,2.0,0,18.305084745762713,3,30,0.941667
355,0.28,0.34,6.1,0.000732,0.00012,0.001464,2.0,0,17.796610169491526,3,30,0.941667
425,0.28,0.34,6.1,0.000732,0.00012,0.001464,2.0,0,21.35593220338983,3,30,0.94
321,0.28,0.34,6.1,0.000732,0.00012,0.001464,2.0,0,16.271186440677965,3,30,0.94
385,0.28,0.34,6.1,0.000732,0.00012,0.001464,2.0,0,19.322033898305083,3,30,0.938333
328,0.28,0.34,6.1,0.000732,0.00012,0.001464,2.0,0,16.271186440677965,3,30,0.938333
379,0.28,0.34,6.1,0.000732,0.00012,0.001464,2.0,0,18.813559322033896,3,30,0.938333
405,0.28,0.34,6.1,0.000732,0.00012,0.001464,2.0,0,20.338983050847457,3,30,0.936667
565,0.28,0.34,6.1,0.000732,0.00012,0.001464,2.0,0,28.47457627118644,3,30,0.935
389,0.28,0.34,6.1,0.000732,0.00012,0.001464,2.0,0,19.322033898305083,3,30,0.933333
323,0.28,0.34,6.1,0.000732,0.00012,0.001464,2.0,0,16.271186440677965,3,30,0.933333
327,0.28,0.34,6.1,0.000732,0.00012,0.001464,2.0,0,16.271186440677965,3,30,0.931667
395,0.28,0.34,6.1,0.000732,0.00012,0.001464,2.0,0,19.83050847457627,3,30,0.931667
345,0.28,0.34,6.1,0.000732,0.00012,0.001464,2.0,0,17.28813559322034,3,30,0.931667
352,0.28,0.34,6.1,0.000732,0.00012,0.001464,2.0,0,17.796610169491526,3,30,0.931667
311,0.28,0.34,6.1,0.000732,0.00012,0.001464,2.0,0,15.762711864406779,3,30,0.93
316,0.28,0.34,6.1,0.000732,0.00012,0.001464,2.0,0,15.762711864406779,3,30,0.93
301,0.28,0.34,6.1,0.000732,0.00012,0.001464,2.0,0,15.254237288135592,3,30,0.925
338,0.28,0.34,6.1,0.000732,0.00012,0.001464,2.0,0,16.779661016949152,3,30,0.923333
306,0.28,0.34,6.1,0.000732,0.00012,0.001464,2.0,0,15.254237288135592,3,30,0.921667
349,0.28,0.34,6.1,0.000732,0.00012,0.001464,2.0,0,17.28813559322034,3,30,0.92
359,0.28,0.34,6.1,0.000732,0.00012,0.001464,2.0,0,17.796610169491526,3,30,0.918333
318,0.28,0.34,6.1,0.000732,0.00012,0.001464,2.0,0,15.762711864406779,3,30,0.918333
291,0.28,0.34,6.1,0.000732,0.00012,0.001464,2.0,0,14.745762711864407,3,30,0.916667
335,0.28,0.34,6.1,0.000732,0.00012,0.001464,2.0,0,16.779661016949152,3,30,0.915
342,0.28,0.34,6.1,0.000732,0.00012,0.001464,2.0,0,17.28813559322034,3,30,0.913333
334,0.28,0.34,6.1,0.000732,0.00012,0.001464,2.0,0,16.779661016949152,3,30,0.913333
339,0.28,0.34,6.1,0.000732,0.00012,0.001464,2.0,0,16.779661016949152,3,30,0.906667
324,0.28,0.34,6.1,0.000732,0.00012,0.001464,2.0,0,16.271186440677965,3,30,0.905
329,0.28,0.34,6.1,0.000732,0.00012,0.001464,2.0,0,16.271186440677965,3,30,0.9
322,0.28,0.34,6.1,0.000732,0.00012,0.001464,2.0,0,16.271186440677965,3,30,0.9
332,0.28,0.34,6.1,0.000732,0.00012,0.001464,2.0,0,16.779661016949152,3,30,0.898333
314,0.28,0.34,6.1,0.000732,0.00012,0.001464,2.0,0,15.762711864406779,3,30,0.896667
296,0.28,0.34,6.1,0.000732,0.00012,0.001464,2.0,0,14.745762711864407,3,30,0.885
313,0.28,0.34,6.1,0.000732,0.00012,0.001464,2.0,0,15.762711864406779,3,30,0.885
284,0.28,0.34,6.1,0.000732,0.00012,0.001464,2.0,0,14.23728813559322,3,30,0.883333
317,0.28,0.34,6.1,0.000732,0.00012,0.001464,2.0,0,15.762711864406779,3,30,0.883333
286,0.28,0.34,6.1,0.000732,0.00012,0.001464,2.0,0,14.23728813559322,3,30,0.883333
294,0.28,0.34,6.1,0.000732,0.00012,0.001464,2.0,0,14.745762711864407,3,30,0.88
277,0.28,0.34,6.1,0.000732,0.00012,0.001464,2.0,0,13.728813559322033,3,30,0.878333
274,0.28,0.34,6.1,0.000732,0.00012,0.001464,2.0,0,13.728813559322033,3,30,0.878333
325,0.28,0.34,6.1,0.000732,0.00012,0.001464,2.0,0,16.271186440677965,3,30,0.876667
267,0.28,0.34,6.1,0.000732,0.00012,0.001464,2.0,0,13.220338983050848,3,30,0.876667
297,0.28,0.34,6.1,0.000732,0.00012,0.001464,2.0,0,14.745762711864407,3,30,0.876667
276,0.28,0.34,6.1,0.000732,0.00012,0.001464,2.0,0,13.728813559322033,3,30,0.875
304,0.28,0.34,6.1,0.000732,0.00012,0.001464,2.0,0,15.254237288135592,3,30,0.875
315,0.28,0.34,6.1,0.000732,0.00012,0.001464,2.0,0,15.762711864406779,3,30,0.875
307,0.28,0.34,6.1,0.000732,0.00012,0.001464,2.0,0,15.254237288135592,3,30,0.873333
281,0.28,0.34,6.1,0.000732,0.00012,0.001464,2.0,0,14.23728813559322,3,30,0.871667
287,0.28,0.34,6.1,0.000732,0.00012,0.001464,2.0,0,14.23728813559322,3,30,0.871667
266,0.28,0.34,6.1,0.000732,0.00012,0.001464,2.0,0,13.220338983050848,3,30,0.871667
320,0.28,0.34,6.1,0.000732,0.00012,0.001464,2.0,0,16.271186440677965,3,30,0.871667
300,0.28,0.34,6.1,0.000732,0.00012,0.001464,2.0,0,15.254237288135592,3,30,0.868333
310,0.28,0.34,6.1,0.000732,0.00012,0.001464,2.0,0,15.762711864406779,3,30,0.866667
290,0.28,0.34,6.1,0.000732,0.00012,0.001464,2.0,0,14.745762711864407,3,30,0.866667
303,0.28,0.34,6.1,0.000732,0.00012,0.001464,2.0,0,15.254237288135592,3,30,0.863333
280,0.28,0.34,6.1,0.000732,0.00012,0.001464,2.0,0,14.23728813559322,3,30,0.863333
270,0.28,0.34,6.1,0.000732,0.00012,0.001464,2.0,0,13.728813559322033,3,30,0.861667
295,0.28,0.34,6.1,0.000732,0.00012,0.001464,2.0,0,14.745762711864407,3,30,0.86
257,0.28,0.34,6.1,0.000732,0.00012,0.001464,2.0,0,12.711864406779661,3,30,0.86
305,0.28,0.34,6.1,0.000732,0.00012,0.001464,2.0,0,15.254237288135592,3,30,0.86
312,0.28,0.34,6.1,0.000732,0.00012,0.001464,2.0,0,15.762711864406779,3,30,0.858333
302,0.28,0.34,6.1,0.000732,0.00012,0.001464,2.0,0,15.254237288135592,3,30,0.858333
271,0.28,0.34,6.1,0.000732,0.00012,0.001464,2.0,0,13.728813559322033,3,30,0.858333
285,0.28,0.34,6.1,0.000732,0.00012,0.001464,2.0,0,14.23728813559322,3,30,0.856667
319,0.28,0.34,6.1,0.000732,0.00012,0.001464,2.0,0,15.762711864406779,3,30,0.853333
309,0.28,0.34,6.1,0.000732,0.00012,0.001464,2.0,0,15.254237288135592,3,30,0.846667
264,0.28,0.34,6.1,0.000732,0.00012,0.001464,2.0,0,13.220338983050848,3,30,0.846667
308,0.28,0.34,6.1,0.000732,0.00012,0.001464,2.0,0,15.254237288135592,3,30,0.846667
292,0.28,0.34,6.1,0.000732,0.00012,0.001464,2.0,0,14.745762711864407,3,30,0.845
265,0.28,0.34,6.1,0.000732,0.00012,0.001464,2.0,0,13.220338983050848,3,30,0.84
275,0.28,0.34,6.1,0.000732,0.00012,0.001464,2.0,0,13.728813559322033,3,30,0.838333
299,0.28,0.34,6.1,0.000732,0.00012,0.001464,2.0,0,14.745762711864407,3,30,0.836667
254,0.28,0.34,6.1,0.000732,0.00012,0.001464,2.0,0,12.711864406779661,3,30,0.836667
293,0.28,0.34,6.1,0.000732,0.00012,0.001464,2.0,0,14.745762711864407,3,30,0.831667
244,0.28,0.34,6.1,0.000732,0.00012,0.001464,2.0,0,12.203389830508474,3,30,0.831667
282,0.28,0.34,6.1,0.000732,0.00012,0.001464,2.0,0,14.23728813559322,3,30,0.828333
263,0.28,0.34,6.1,0.000732,0.00012,0.001464,2.0,0,13.220338983050848,3,30,0.826667
298,0.28,0.34,6.1,0.000732,0.00012,0.001464,2.0,0,14.745762711864407,3,30,0.826667
272,0.28,0.34,6.1,0.000732,0.00012,0.001464,2.0,0,13.728813559322033,3,30,0.825
283,0.28,0.34,6.1,0.000732,0.00012,0.001464,2.0,0,14.23728813559322,3,30,0.825
288,0.28,0.34,6.1,0.000732,0.00012,0.001464,2.0,0,14.23728813559322,3,30,0.825
273,0.28,0.34,6.1,0.000732,0.00012,0.001464,2.0,0,13.728813559322033,3,30,0.821667
261,0.28,0.34,6.1,0.000732,0.00012,0.001464,2.0,0,13.220338983050848,3,30,0.818333
260,0.28,0.34,6.1,0.000732,0.00012,0.001464,2.0,0,13.220338983050848,3,30,0.813333
240,0.28,0.34,6.1,0.000732,0.00012,0.001464,2.0,0,12.203389830508474,3,30,0.813333
250,0.28,0.34,6.1,0.000732,0.00012,0.001464,2.0,0,12.711864406779661,3,30,0.81
278,0.28,0.34,6.1,0.000732,0.00012,0.001464,2.0,0,13.728813559322033,3,30,0.81
246,0.28,0.34,6.1,0.000732,0.00012,0.001464,2.0,0,12.203389830508474,3,30,0.81
256,0.28,0.34,6.1,0.000732,0.00012,0.001464,2.0,0,12.711864406779661,3,30,0.81
262,0.28,0.34,6.1,0.000732,0.00012,0.001464,2.0,0,13.220338983050848,3,30,0.81
289,0.28,0.34,6.1,0.000732,0.00012,0.001464,2.0,0,14.23728813559322,3,30,0.81
247,0.28,0.34,6.1,0.000732,0.00012,0.001464,2.0,0,12.203389830508474,3,30,0.808333
241,0.28,0.34,6.1,0.000732,0.00012,0.001464,2.0,0,12.203389830508474,3,30,0.808333
251,0.28,0.34,6.1,0.000732,0.00012,0.001464,2.0,0,12.711864406779661,3,30,0.808333
234,0.28,0.34,6.1,0.000732,0.00012,0.001464,2.0,0,11.694915254237287,3,30,0.808333
253,0.28,0.34,6.1,0.000732,0.00012,0.001464,2.0,0,12.711864406779661,3,30,0.806667
226,0.28,0.34,6.1,0.000732,0.00012,0.001464,2.0,0,11.1864406779661,3,30,0.805
255,0.28,0.34,6.1,0.000732,0.00012,0.001464,2.0,0,12.711864406779661,3,30,0.801667
230,0.28,0.34,6.1,0.000732,0.00012,0.001464,2.0,0,11.694915254237287,3,30,0.801667
252,0.28,0.34,6.1,0.000732,0.00012,0.001464,2.0,0,12.711864406779661,3,30,0.8
231,0.28,0.34,6.1,0.000732,0.00012,0.001464,2.0,0,11.694915254237287,3,30,0.798333
236,0.28,0.34,6.1,0.000732,0.00012,0.001464,2.0,0,11.694915254237287,3,30,0.798333
279,0.28,0.34,6.1,0.000732,0.00012,0.001464,2.0,0,13.728813559322033,3,30,0.79
224,0.28,0.34,6.1,0.000732,0.00012,0.001464,2.0,0,11.1864406779661,3,30,0.785
268,0.28,0.34,6.1,0.000732,0.00012,0.001464,2.0,0,13.220338983050848,3,30,0.783333
237,0.28,0.34,6.1,0.000732,0.00012,0.001464,2.0,0,11.694915254237287,3,30,0.778333
245,0.28,0.34,6.1,0.000732,0.00012,0.001464,2.0,0,12.203389830508474,3,30,0.776667
242,0.28,0.34,6.1,0.000732,0.00012,0.001464,2.0,0,12.203389830508474,3,30,0.775
269,0.28,0.34,6.1,0.000732,0.00012,0.001464,2.0,0,13.220338983050848,3,30,0.771667
220,0.28,0.34,6.1,0.000732,0.00012,0.001464,2.0,0,11.1864406779661,3,30,0.771667
229,0.28,0.34,6.1,0.000732,0.00012,0.001464,2.0,0,11.1864406779661,3,30,0.77
232,0.28,0.34,6.1,0.000732,0.00012,0.001464,2.0,0,11.694915254237287,3,30,0.768333
259,0.28,0.34,6.1,0.000732,0.00012,0.001464,2.0,0,12.711864406779661,3,30,0.768333
219,0.28,0.34,6.1,0.000732,0.00012,0.001464,2.0,0,10.677966101694915,3,30,0.766667
243,0.28,0.34,6.1,0.000732,0.00012,0.001464,2.0,0,12.203389830508474,3,30,0.763333
249,0.28,0.34,6.1,0.000732,0.00012,0.001464,2.0,0,12.203389830508474,3,30,0.755
235,0.28,0.34,6.1,0.000732,0.00012,0.001464,2.0,0,11.694915254237287,3,30,0.755
239,0.28,0.34,6.1,0.000732,0.00012,0.001464,2.0,0,11.694915254237287,3,30,0.753333
225,0.28,0.34,6.1,0.000732,0.00012,0.001464,2.0,0,11.1864406779661,3,30,0.748333
258,0.28,0.34,6.1,0.000732,0.00012,0.001464,2.0,0,12.711864406779661,3,30,0.748333
248,0.28,0.34,6.1,0.000732,0.00012,0.001464,2.0,0,12.203389830508474,3,30,0.74
233,0.28,0.34,6.1,0.000732,0.00012,0.001464,2.0,0,11.694915254237287,3,30,0.73
238,0.28,0.34,6.1,0.000732,0.00012,0.001464,2.0,0,11.694915254237287,3,30,0.728333
227,0.28,0.34,6.1,0.000732,0.00012,0.001464,2.0,0,11.1864406779661,3,30,0.726667
223,0.28,0.34,6.1,0.000732,0.00012,0.001464,2.0,0,11.1864406779661,3,30,0.725
222,0.28,0.34,6.1,0.000732,0.00012,0.001464,2.0,0,11.1864406779661,3,30,0.725
215,0.28,0.34,6.1,0.000732,0.00012,0.001464,2.0,0,10.677966101694915,3,30,0.723333
19,0.28,0.34,6.1,0.000732,0.00012,0.001464,2.0,0,0.5084745762711864,3,30,0.713333
202,0.28,0.34,6.1,0.000732,0.00012,0.001464,2.0,0,10.169491525423728,3,30,0.71
5,0.28,0.34,6.1,0.000732,0.00012,0.001464,2.0,0,0.0,3,30,0.705
188,0.28,0.34,6.1,0.000732,0.00012,0.001464,2.0,0,9.152542372881356,3,30,0.705
221,0.28,0.34,6.1,0.000732,0.00012,0.001464,2.0,0,11.1864406779661,3,30,0.703333
209,0.28,0.34,6.1,0.000732,0.00012,0.001464,2.0,0,10.169491525423728,3,30,0.703333
217,0.28,0.34,6.1,0.000732,0.00012,0.001464,2.0,0,10.677966101694915,3,30,0.7
207,0.28,0.34,6.1,0.000732,0.00012,0.001464,2.0,0,10.169491525423728,3,30,0.7
28,0.28,0.34,6.1,0.000732,0.00012,0.001464,2.0,0,1.0169491525423728,3,30,0.7
205,0.28,0.34,6.1,0.000732,0.00012,0.001464,2.0,0,10.169491525423728,3,30,0.7
212,0.28,0.34,6.1,0.000732,0.00012,0.001464,2.0,0,10.677966101694915,3,30,0.7
213,0.28,0.34,6.1,0.000732,0.00012,0.001464,2.0,0,10.677966101694915,3,30,0.696667
69,0.28,0.34,6.1,0.000732,0.00012,0.001464,2.0,0,3.0508474576271185,3,30,0.696667
192,0.28,0.34,6.1,0.000732,0.00012,0.001464,2.0,0,9.661016949152541,3,30,0.695
228,0.28,0.34,6.1,0.000732,0.00012,0.001464,2.0,0,11.1864406779661,3,30,0.695
9,0.28,0.34,6.1,0.000732,0.00012,0.001464,2.0,0,0.0,3,30,0.693333
203,0.28,0.34,6.1,0.000732,0.00012,0.001464,2.0,0,10.169491525423728,3,30,0.688333
178,0.28,0.34,6.1,0.000732,0.00012,0.001464,2.0,0,8.64406779661017,3,30,0.685
2,0.28,0.34,6.1,0.000732,0.00012,0.001464,2.0,0,0.0,3,30,0.685
196,0.28,0.34,6.1,0.000732,0.00012,0.001464,2.0,0,9.661016949152541,3,30,0.683333
182,0.28,0.34,6.1,0.000732,0.00012,0.001464,2.0,0,9.152542372881356,3,30,0.68
193,0.28,0.34,6.1,0.000732,0.00012,0.001464,2.0,0,9.661016949152541,3,30,0.676667
197,0.28,0.34,6.1,0.000732,0.00012,0.001464,2.0,0,9.661016949152541,3,30,0.675
58,0.28,0.34,6.1,0.000732,0.00012,0.001464,2.0,0,2.542372881355932,3,30,0.673333
18,0.28,0.34,6.1,0.000732,0.00012,0.001464,2.0,0,0.5084745762711864,3,30,0.671667
49,0.28,0.34,6.1,0.000732,0.00012,0.001464,2.0,0,2.0338983050847457,3,30,0.67
168,0.28,0.34,6.1,0.000732,0.00012,0.001464,2.0,0,8.135593220338983,3,30,0.668333
158,0.28,0.34,6.1,0.000732,0.00012,0.001464,2.0,0,7.627118644067796,3,30,0.666667
148,0.28,0.34,6.1,0.000732,0.00012,0.001464,2.0,0,7.11864406779661,3,30,0.663333
199,0.28,0.34,6.1,0.000732,0.00012,0.001464,2.0,0,9.661016949152541,3,30,0.663333
79,0.28,0.34,6.1,0.000732,0.00012,0.001464,2.0,0,3.559322033898305,3,30,0.661667
59,0.28,0.34,6.1,0.000732,0.00012,0.001464,2.0,0,2.542372881355932,3,30,0.661667
29,0.28,0.34,6.1,0.000732,0.00012,0.001464,2.0,0,1.0169491525423728,3,30,0.656667
11,0.28,0.34,6.1,0.000732,0.00012,0.001464,2.0,0,0.5084745762711864,3,30,0.648333
62,0.28,0.34,6.1,0.000732,0.00012,0.001464,2.0,0,3.0508474576271185,3,30,0.648333
39,0.28,0.34,6.1,0.000732,0.00012,0.001464,2.0,0,1.5254237288135593,3,30,0.648333
122,0.28,0.34,6.1,0.000732,0.00012,0.001464,2.0,0,6.101694915254237,3,30,0.648333
189,0.28,0.34,6.1,0.000732,0.00012,0.001464,2.0,0,9.152542372881356,3,30,0.648333
198,0.28,0.34,6.1,0.000732,0.00012,0.001464,2.0,0,9.661016949152541,3,30,0.643333
7,0.28,0.34,6.1,0.000732,0.00012,0.001464,2.0,0,0.0,3,30,0.643333
8,0.28,0.34,6.1,0.000732,0.00012,0.001464,2.0,0,0.0,3,30,0.641667
179,0.28,0.34,6.1,0.000732,0.00012,0.001464,2.0,0,8.64406779661017,3,30,0.641667
159,0.28,0.34,6.1,0.000732,0.00012,0.001464,2.0,0,7.627118644067796,3,30,0.64
169,0.28,0.34,6.1,0.000732,0.00012,0.001464,2.0,0,8.135593220338983,3,30,0.64
132,0.28,0.34,6.1,0.000732,0.00012,0.001464,2.0,0,6.610169491525424,3,30,0.638333
48,0.28,0.34,6.1,0.000732,0.00012,0.001464,2.0,0,2.0338983050847457,3,30,0.636667
171,0.28,0.34,6.1,0.000732,0.00012,0.001464,2.0,0,8.64406779661017,3,30,0.635
149,0.28,0.34,6.1,0.000732,0.00012,0.001464,2.0,0,7.11864406779661,3,30,0.633333
109,0.28,0.34,6.1,0.000732,0.00012,0.001464,2.0,0,5.084745762711864,3,30,0.633333
139,0.28,0.34,6.1,0.000732,0.00012,0.001464,2.0,0,6.610169491525424,3,30,0.63
208,0.28,0.34,6.1,0.000732,0.00012,0.001464,2.0,0,10.169491525423728,3,30,0.628333
0,0.28,0.34,6.1,0.000732,0.00012,0.001464,2.0,0,0.0,3,30,0.626667
12,0.28,0.34,6.1,0.000732,0.00012,0.001464,2.0,0,0.5084745762711864,3,30,0.625
142,0.28,0.34,6.1,0.000732,0.00012,0.001464,2.0,0,7.11864406779661,3,30,0.625
1,0.28,0.34,6.1,0.000732,0.00012,0.001464,2.0,0,0.0,3,30,0.623333
152,0.28,0.34,6.1,0.000732,0.00012,0.001464,2.0,0,7.627118644067796,3,30,0.623333
162,0.28,0.34,6.1,0.000732,0.00012,0.001464,2.0,0,8.135593220338983,3,30,0.62
76,0.28,0.34,6.1,0.000732,0.00012,0.001464,2.0,0,3.559322033898305,3,30,0.62
218,0.28,0.34,6.1,0.000732,0.00012,0.001464,2.0,0,10.677966101694915,3,30,0.618333
10,0.28,0.34,6.1,0.000732,0.00012,0.001464,2.0,0,0.5084745762711864,3,30,0.618333
20,0.28,0.34,6.1,0.000732,0.00012,0.001464,2.0,0,1.0169491525423728,3,30,0.616667
150,0.28,0.34,6.1,0.000732,0.00012,0.001464,2.0,0,7.627118644067796,3,30,0.616667
181,0.28,0.34,6.1,0.000732,0.00012,0.001464,2.0,0,9.152542372881356,3,30,0.616667
170,0.28,0.34,6.1,0.000732,0.00012,0.001464,2.0,0,8.64406779661017,3,30,0.616667
160,0.28,0.34,6.1,0.000732,0.00012,0.001464,2.0,0,8.135593220338983,3,30,0.616667
190,0.28,0.34,6.1,0.000732,0.00012,0.001464,2.0,0,9.661016949152541,3,30,0.615
172,0.28,0.34,6.1,0.000732,0.00012,0.001464,2.0,0,8.64406779661017,3,30,0.615
112,0.28,0.34,6.1,0.000732,0.00012,0.001464,2.0,0,5.59322033898305,3,30,0.615
136,0.28,0.34,6.1,0.000732,0.00012,0.001464,2.0,0,6.610169491525424,3,30,0.615
146,0.28,0.34,6.1,0.000732,0.00012,0.001464,2.0,0,7.11864406779661,3,30,0.615
210,0.28,0.34,6.1,0.000732,0.00012,0.001464,2.0,0,10.677966101694915,3,30,0.613333
180,0.28,0.34,6.1,0.000732,0.00012,0.001464,2.0,0,9.152542372881356,3,30,0.613333
176,0.28,0.34,6.1,0.000732,0.00012,0.001464,2.0,0,8.64406779661017,3,30,0.613333
130,0.28,0.34,6.1,0.000732,0.00012,0.001464,2.0,0,6.610169491525424,3,30,0.611667
86,0.28,0.34,6.1,0.000732,0.00012,0.001464,2.0,0,4.067796610169491,3,30,0.611667
140,0.28,0.34,6.1,0.000732,0.00012,0.001464,2.0,0,7.11864406779661,3,30,0.611667
156,0.28,0.34,6.1,0.000732,0.00012,0.001464,2.0,0,7.627118644067796,3,30,0.611667
120,0.28,0.34,6.1,0.000732,0.00012,0.001464,2.0,0,6.101694915254237,3,30,0.611667
30,0.28,0.34,6.1,0.000732,0.00012,0.001464,2.0,0,1.5254237288135593,3,30,0.61
38,0.28,0.34,6.1,0.000732,0.00012,0.001464,2.0,0,1.5254237288135593,3,30,0.61
126,0.28,0.34,6.1,0.000732,0.00012,0.001464,2.0,0,6.101694915254237,3,30,0.608333
200,0.28,0.34,6.1,0.000732,0.00012,0.001464,2.0,0,10.169491525423728,3,30,0.608333
66,0.28,0.34,6.1,0.000732,0.00012,0.001464,2.0,0,3.0508474576271185,3,30,0.606667
31,0.28,0.34,6.1,0.000732,0.00012,0.001464,2.0,0,1.5254237288135593,3,30,0.606667
186,0.28,0.34,6.1,0.000732,0.00012,0.001464,2.0,0,9.152542372881356,3,30,0.606667
56,0.28,0.34,6.1,0.000732,0.00012,0.001464,2.0,0,2.542372881355932,3,30,0.605
26,0.28,0.34,6.1,0.000732,0.00012,0.001464,2.0,0,1.0169491525423728,3,30,0.605
106,0.28,0.34,6.1,0.000732,0.00012,0.001464,2.0,0,5.084745762711864,3,30,0.603333
36,0.28,0.34,6.1,0.000732,0.00012,0.001464,2.0,0,1.5254237288135593,3,30,0.601667
21,0.28,0.34,6.1,0.000732,0.00012,0.001464,2.0,0,1.0169491525423728,3,30,0.601667
214,0.28,0.34,6.1,0.000732,0.00012,0.001464,2.0,0,10.677966101694915,3,30,0.6
216,0.28,0.34,6.1,0.000732,0.00012,0.001464,2.0,0,10.677966101694915,3,30,0.6
46,0.28,0.34,6.1,0.000732,0.00012,0.001464,2.0,0,2.0338983050847457,3,30,0.596667
206,0.28,0.34,6.1,0.000732,0.00012,0.001464,2.0,0,10.169491525423728,3,30,0.596667
95,0.28,0.34,6.1,0.000732,0.00012,0.001464,2.0,0,4.576271186440678,3,30,0.596667
40,0.28,0.34,6.1,0.000732,0.00012,0.001464,2.0,0,2.0338983050847457,3,30,0.595
166,0.28,0.34,6.1,0.000732,0.00012,0.001464,2.0,0,8.135593220338983,3,30,0.595
201,0.28,0.34,6.1,0.000732,0.00012,0.001464,2.0,0,10.169491525423728,3,30,0.595
195,0.28,0.34,6.1,0.000732,0.00012,0.001464,2.0,0,9.661016949152541,3,30,0.595
165,0.28,0.34,6.1,0.000732,0.00012,0.001464,2.0,0,8.135593220338983,3,30,0.595
16,0.28,0.34,6.1,0.000732,0.00012,0.001464,2.0,0,0.5084745762711864,3,30,0.595
50,0.28,0.34,6.1,0.000732,0.00012,0.001464,2.0,0,2.542372881355932,3,30,0.593333
61,0.28,0.34,6.1,0.000732,0.00012,0.001464,2.0,0,3.0508474576271185,3,30,0.591667
191,0.28,0.34,6.1,0.000732,0.00012,0.001464,2.0,0,9.661016949152541,3,30,0.591667
185,0.28,0.34,6.1,0.000732,0.00012,0.001464,2.0,0,9.152542372881356,3,30,0.59
175,0.28,0.34,6.1,0.000732,0.00012,0.001464,2.0,0,8.64406779661017,3,30,0.59
85,0.28,0.34,6.1,0.000732,0.00012,0.001464,2.0,0,4.067796610169491,3,30,0.588333
44,0.28,0.34,6.1,0.000732,0.00012,0.001464,2.0,0,2.0338983050847457,3,30,0.588333
4,0.28,0.34,6.1,0.000732,0.00012,0.001464,2.0,0,0.0,3,30,0.588333
14,0.28,0.34,6.1,0.000732,0.00012,0.001464,2.0,0,0.5084745762711864,3,30,0.588333
116,0.28,0.34,6.1,0.000732,0.00012,0.001464,2.0,0,5.59322033898305,3,30,0.586667
145,0.28,0.34,6.1,0.000732,0.00012,0.001464,2.0,0,7.11864406779661,3,30,0.586667
155,0.28,0.34,6.1,0.000732,0.00012,0.001464,2.0,0,7.627118644067796,3,30,0.586667
124,0.28,0.34,6.1,0.000732,0.00012,0.001464,2.0,0,6.101694915254237,3,30,0.586667
42,0.28,0.34,6.1,0.000732,0.00012,0.001464,2.0,0,2.0338983050847457,3,30,0.585
24,0.28,0.34,6.1,0.000732,0.00012,0.001464,2.0,0,1.0169491525423728,3,30,0.585
52,0.28,0.34,6.1,0.000732,0.00012,0.001464,2.0,0,2.542372881355932,3,30,0.585
34,0.28,0.34,6.1,0.000732,0.00012,0.001464,2.0,0,1.5254237288135593,3,30,0.585
211,0.28,0.34,6.1,0.000732,0.00012,0.001464,2.0,0,10.677966101694915,3,30,0.583333
22,0.28,0.34,6.1,0.000732,0.00012,0.001464,2.0,0,1.0169491525423728,3,30,0.583333
147,0.28,0.34,6.1,0.000732,0.00012,0.001464,2.0,0,7.11864406779661,3,30,0.583333
135,0.28,0.34,6.1,0.000732,0.00012,0.001464,2.0,0,6.610169491525424,3,30,0.581667
187,0.28,0.34,6.1,0.000732,0.00012,0.001464,2.0,0,9.152542372881356,3,30,0.581667
125,0.28,0.34,6.1,0.000732,0.00012,0.001464,2.0,0,6.101694915254237,3,30,0.58
32,0.28,0.34,6.1,0.000732,0.00012,0.001464,2.0,0,1.5254237288135593,3,30,0.58
111,0.28,0.34,6.1,0.000732,0.00012,0.001464,2.0,0,5.59322033898305,3,30,0.578333
177,0.28,0.34,6.1,0.000732,0.00012,0.001464,2.0,0,8.64406779661017,3,30,0.578333
157,0.28,0.34,6.1,0.000732,0.00012,0.001464,2.0,0,7.627118644067796,3,30,0.578333
137,0.28,0.34,6.1,0.000732,0.00012,0.001464,2.0,0,6.610169491525424,3,30,0.578333
41,0.28,0.34,6.1,0.000732,0.00012,0.001464,2.0,0,2.0338983050847457,3,30,0.578333
167,0.28,0.34,6.1,0.000732,0.00012,0.001464,2.0,0,8.135593220338983,3,30,0.578333
3,0.28,0.34,6.1,0.000732,0.00012,0.001464,2.0,0,0.0,3,30,0.576667
127,0.28,0.34,6.1,0.000732,0.00012,0.001464,2.0,0,6.101694915254237,3,30,0.576667
161,0.28,0.34,6.1,0.000732,0.00012,0.001464,2.0,0,8.135593220338983,3,30,0.576667
107,0.28,0.34,6.1,0.000732,0.00012,0.001464,2.0,0,5.084745762711864,3,30,0.576667
131,0.28,0.34,6.1,0.000732,0.00012,0.001464,2.0,0,6.610169491525424,3,30,0.576667
57,0.28,0.34,6.1,0.000732,0.00012,0.001464,2.0,0,2.542372881355932,3,30,0.575
117,0.28,0.34,6.1,0.000732,0.00012,0.001464,2.0,0,5.59322033898305,3,30,0.575
6,0.28,0.34,6.1,0.000732,0.00012,0.001464,2.0,0,0.0,3,30,0.571667
23,0.28,0.34,6.1,0.000732,0.00012,0.001464,2.0,0,1.0169491525423728,3,30,0.57
37,0.28,0.34,6.1,0.000732,0.00012,0.001464,2.0,0,1.5254237288135593,3,30,0.57
153,0.28,0.34,6.1,0.000732,0.00012,0.001464,2.0,0,7.627118644067796,3,30,0.568333
143,0.28,0.34,6.1,0.000732,0.00012,0.001464,2.0,0,7.11864406779661,3,30,0.568333
133,0.28,0.34,6.1,0.000732,0.00012,0.001464,2.0,0,6.610169491525424,3,30,0.568333
115,0.28,0.34,6.1,0.000732,0.00012,0.001464,2.0,0,5.59322033898305,3,30,0.566667
163,0.28,0.34,6.1,0.000732,0.00012,0.001464,2.0,0,8.135593220338983,3,30,0.566667
105,0.28,0.34,6.1,0.000732,0.00012,0.001464,2.0,0,5.084745762711864,3,30,0.565
173,0.28,0.34,6.1,0.000732,0.00012,0.001464,2.0,0,8.64406779661017,3,30,0.565
27,0.28,0.34,6.1,0.000732,0.00012,0.001464,2.0,0,1.0169491525423728,3,30,0.565
13,0.28,0.34,6.1,0.000732,0.00012,0.001464,2.0,0,0.5084745762711864,3,30,0.565
174,0.28,0.34,6.1,0.000732,0.00012,0.001464,2.0,0,8.64406779661017,3,30,0.563333
183,0.28,0.34,6.1,0.000732,0.00012,0.001464,2.0,0,9.152542372881356,3,30,0.563333
17,0.28,0.34,6.1,0.000732,0.00012,0.001464,2.0,0,0.5084745762711864,3,30,0.563333
121,0.28,0.34,6.1,0.000732,0.00012,0.001464,2.0,0,6.101694915254237,3,30,0.563333
141,0.28,0.34,6.1,0.000732,0.00012,0.001464,2.0,0,7.11864406779661,3,30,0.563333
67,0.28,0.34,6.1,0.000732,0.00012,0.001464,2.0,0,3.0508474576271185,3,30,0.563333
33,0.28,0.34,6.1,0.000732,0.00012,0.001464,2.0,0,1.5254237288135593,3,30,0.563333
77,0.28,0.34,6.1,0.000732,0.00012,0.001464,2.0,0,3.559322033898305,3,30,0.561667
97,0.28,0.34,6.1,0.000732,0.00012,0.001464,2.0,0,4.576271186440678,3,30,0.561667
184,0.28,0.34,6.1,0.000732,0.00012,0.001464,2.0,0,9.152542372881356,3,30,0.561667
151,0.28,0.34,6.1,0.000732,0.00012,0.001464,2.0,0,7.627118644067796,3,30,0.561667
47,0.28,0.34,6.1,0.000732,0.00012,0.001464,2.0,0,2.0338983050847457,3,30,0.56
194,0.28,0.34,6.1,0.000732,0.00012,0.001464,2.0,0,9.661016949152541,3,30,0.56
65,0.28,0.34,6.1,0.000732,0.00012,0.001464,2.0,0,3.0508474576271185,3,30,0.558333
53,0.28,0.34,6.1,0.000732,0.00012,0.001464,2.0,0,2.542372881355932,3,30,0.556667
75,0.28,0.34,6.1,0.000732,0.00012,0.001464,2.0,0,3.559322033898305,3,30,0.556667
128,0.28,0.34,6.1,0.000732,0.00012,0.001464,2.0,0,6.101694915254237,3,30,0.553333
15,0.28,0.34,6.1,0.000732,0.00012,0.001464,2.0,0,0.5084745762711864,3,30,0.55
204,0.28,0.34,6.1,0.000732,0.00012,0.001464,2.0,0,10.169491525423728,3,30,0.55
55,0.28,0.34,6.1,0.000732,0.00012,0.001464,2.0,0,2.542372881355932,3,30,0.548333
35,0.28,0.34,6.1,0.000732,0.00012,0.001464,2.0,0,1.5254237288135593,3,30,0.548333
99,0.28,0.34,6.1,0.000732,0.00012,0.001464,2.0,0,4.576271186440678,3,30,0.548333
138,0.28,0.34,6.1,0.000732,0.00012,0.001464,2.0,0,6.610169491525424,3,30,0.545
164,0.28,0.34,6.1,0.000732,0.00012,0.001464,2.0,0,8.135593220338983,3,30,0.545
51,0.28,0.34,6.1,0.000732,0.00012,0.001464,2.0,0,2.542372881355932,3,30,0.543333
45,0.28,0.34,6.1,0.000732,0.00012,0.001464,2.0,0,2.0338983050847457,3,30,0.541667
43,0.28,0.34,6.1,0.000732,0.00012,0.001464,2.0,0,2.0338983050847457,3,30,0.541667
123,0.28,0.34,6.1,0.000732,0.00012,0.001464,2.0,0,6.101694915254237,3,30,0.535
25,0.28,0.34,6.1,0.000732,0.00012,0.001464,2.0,0,1.0169491525423728,3,30,0.533333
154,0.28,0.34,6.1,0.000732,0.00012,0.001464,2.0,0,7.627118644067796,3,30,0.533333
113,0.28,0.34,6.1,0.000732,0.00012,0.001464,2.0,0,5.59322033898305,3,30,0.533333
144,0.28,0.34,6.1,0.000732,0.00012,0.001464,2.0,0,7.11864406779661,3,30,0.525
134,0.28,0.34,6.1,0.000732,0.00012,0.001464,2.0,0,6.610169491525424,3,30,0.521667
103,0.28,0.34,6.1,0.000732,0.00012,0.001464,2.0,0,5.084745762711864,3,30,0.52
82,0.28,0.34,6.1,0.000732,0.00012,0.001464,2.0,0,4.067796610169491,3,30,0.505
64,0.28,0.34,6.1,0.000732,0.00012,0.001464,2.0,0,3.0508474576271185,3,30,0.46
71,0.28,0.34,6.1,0.000732,0.00012,0.001464,2.0,0,3.559322033898305,3,30,0.433333
73,0.28,0.34,6.1,0.000732,0.00012,0.001464,2.0,0,3.559322033898305,3,30,0.433333
68,0.28,0.34,6.1,0.000732,0.00012,0.001464,2.0,0,3.0508474576271185,3,30,0.43
72,0.28,0.34,6.1,0.000732,0.00012,0.001464,2.0,0,3.559322033898305,3,30,0.42
63,0.28,0.34,6.1,0.000732,0.00012,0.001464,2.0,0,3.0508474576271185,3,30,0.411667
96,0.28,0.34,6.1,0.000732,0.00012,0.001464,2.0,0,4.576271186440678,3,30,0.403333
102,0.28,0.34,6.1,0.000732,0.00012,0.001464,2.0,0,5.084745762711864,3,30,0.4
83,0.28,0.34,6.1,0.000732,0.00012,0.001464,2.0,0,4.067796610169491,3,30,0.371667
87,0.28,0.34,6.1,0.000732,0.00012,0.001464,2.0,0,4.067796610169491,3,30,0.36
60,0.28,0.34,6.1,0.000732,0.00012,0.001464,2.0,0,3.0508474576271185,3,30,0.356667
88,0.28,0.34,6.1,0.000732,0.00012,0.001464,2.0,0,4.067796610169491,3,30,0.356667
100,0.28,0.34,6.1,0.000732,0.00012,0.001464,2.0,0,5.084745762711864,3,30,0.356667
70,0.28,0.34,6.1,0.000732,0.00012,0.001464,2.0,0,3.559322033898305,3,30,0.356667
90,0.28,0.34,6.1,0.000732,0.00012,0.001464,2.0,0,4.576271186440678,3,30,0.356667
110,0.28,0.34,6.1,0.000732,0.00012,0.001464,2.0,0,5.59322033898305,3,30,0.356667
80,0.28,0.34,6.1,0.000732,0.00012,0.001464,2.0,0,4.067796610169491,3,30,0.356667
108,0.28,0.34,6.1,0.000732,0.00012,0.001464,2.0,0,5.084745762711864,3,30,0.355
98,0.28,0.34,6.1,0.000732,0.00012,0.001464,2.0,0,4.576271186440678,3,30,0.336667
118,0.28,0.34,6.1,0.000732,0.00012,0.001464,2.0,0,5.59322033898305,3,30,0.336667
92,0.28,0.34,6.1,0.000732,0.00012,0.001464,2.0,0,4.576271186440678,3,30,0.336667
78,0.28,0.34,6.1,0.000732,0.00012,0.001464,2.0,0,3.559322033898305,3,30,0.336667
104,0.28,0.34,6.1,0.000732,0.00012,0.001464,2.0,0,5.084745762711864,3,30,0.331667
94,0.28,0.34,6.1,0.000732,0.00012,0.001464,2.0,0,4.576271186440678,3,30,0.331667
114,0.28,0.34,6.1,0.000732,0.00012,0.001464,2.0,0,5.59322033898305,3,30,0.331667
74,0.28,0.34,6.1,0.000732,0.00012,0.001464,2.0,0,3.559322033898305,3,30,0.331667
54,0.28,0.34,6.1,0.000732,0.00012,0.001464,2.0,0,2.542372881355932,3,30,0.331667
84,0.28,0.34,6.1,0.000732,0.00012,0.001464,2.0,0,4.067796610169491,3,30,0.331667
93,0.28,0.34,6.1,0.000732,0.00012,0.001464,2.0,0,4.576271186440678,3,30,0.328333
101,0.28,0.34,6.1,0.000732,0.00012,0.001464,2.0,0,5.084745762711864,3,30,0.315
91,0.28,0.34,6.1,0.000732,0.00012,0.001464,2.0,0,4.576271186440678,3,30,0.315
81,0.28,0.34,6.1,0.000732,0.00012,0.001464,2.0,0,4.067796610169491,3,30,0.315
119,0.28,0.34,6.1,0.000732,0.00012,0.001464,2.0,0,5.59322033898305,3,30,0.313333
89,0.28,0.34,6.1,0.000732,0.00012,0.001464,2.0,0,4.067796610169491,3,30,0.313333
129,0.28,0.34,6.1,0.000732,0.00012,0.001464,2.0,0,6.101694915254237,3,30,0.313333
